timestamp,product,store,baseline_price,current_price,price_change_pct,inflation_rate_pct,month,currency
2025-01-28T17:59:00,ail,Auchan,2.64,2.76,4.68,2.2,Apr-2025,EUR
2025-01-06T10:37:00,ail,Auchan,2.64,2.75,4.3,2.2,Apr-2025,EUR
2025-01-18T09:19:00,bacon,Auchan,7.67,7.49,-2.32,2.2,Apr-2025,EUR
2025-01-20T10:49:00,bacon,Auchan,7.67,7.45,-2.84,2.2,Apr-2025,EUR
2025-01-22T09:02:00,beurre,Auchan,4.18,4.07,-2.71,2.2,Apr-2025,EUR
2025-01-25T11:51:00,beurre,Auchan,4.18,4.08,-2.47,2.2,Apr-2025,EUR
2025-01-20T12:28:00,beurre,Auchan,4.18,4.02,-3.9,2.2,Apr-2025,EUR
2025-01-16T13:56:00,biscuits,Auchan,2.78,2.7,-2.98,2.2,Apr-2025,EUR
2025-01-12T16:25:00,biscuits,Auchan,2.78,2.72,-2.26,2.2,Apr-2025,EUR
2025-01-24T16:38:00,biscuits,Auchan,2.78,2.71,-2.62,2.2,Apr-2025,EUR
2025-01-23T20:47:00,bonbons,Auchan,3.4,3.62,6.61,2.2,Apr-2025,EUR
2025-01-09T18:58:00,bonbons,Auchan,3.4,3.65,7.5,2.2,Apr-2025,EUR
2025-01-23T20:24:00,cacahuetes,Auchan,4.21,4.08,-3.19,2.2,Apr-2025,EUR
2025-01-16T17:02:00,cacahuetes,Auchan,4.21,4.05,-3.9,2.2,Apr-2025,EUR
2025-01-02T14:25:00,cafe,Auchan,4.03,3.9,-3.14,2.2,Apr-2025,EUR
2025-01-06T13:15:00,cafe,Auchan,4.03,3.91,-2.9,2.2,Apr-2025,EUR
2025-01-10T18:17:00,cafe,Auchan,4.03,3.9,-3.14,2.2,Apr-2025,EUR
2025-01-01T10:54:00,carrots,Auchan,1.78,1.73,-2.74,2.2,Apr-2025,EUR
2025-01-25T20:39:00,carrots,Auchan,1.78,1.72,-3.3,2.2,Apr-2025,EUR
2025-01-08T12:12:00,carrots,Auchan,1.78,1.72,-3.3,2.2,Apr-2025,EUR
2025-01-03T18:22:00,chips,Auchan,2.79,2.71,-2.87,2.2,Apr-2025,EUR
2025-01-19T10:48:00,chips,Auchan,2.79,2.71,-2.87,2.2,Apr-2025,EUR
2025-01-09T16:16:00,chips,Auchan,2.79,2.69,-3.58,2.2,Apr-2025,EUR
2025-01-25T12:52:00,chips,Auchan,2.79,2.71,-2.87,2.2,Apr-2025,EUR
2025-01-03T13:14:00,chocolat,Auchan,3.44,3.36,-2.44,2.2,Apr-2025,EUR
2025-01-17T12:42:00,chocolat,Auchan,3.44,3.37,-2.14,2.2,Apr-2025,EUR
2025-01-22T11:55:00,creme,Auchan,3.12,3.01,-3.4,2.2,Apr-2025,EUR
2025-01-23T16:06:00,creme,Auchan,3.12,3.02,-3.08,2.2,Apr-2025,EUR
2025-01-15T10:51:00,creme,Auchan,3.12,3.0,-3.72,2.2,Apr-2025,EUR
2025-01-06T16:43:00,creme,Auchan,3.12,3.01,-3.4,2.2,Apr-2025,EUR
2025-01-12T15:36:00,epinards,Auchan,2.69,2.62,-2.72,2.2,Apr-2025,EUR
2025-01-12T20:53:00,epinards,Auchan,2.69,2.59,-3.84,2.2,Apr-2025,EUR
2025-01-28T12:50:00,epinards,Auchan,2.69,2.62,-2.72,2.2,Apr-2025,EUR
2025-01-03T11:06:00,essuie-tout,Auchan,3.11,2.99,-3.82,2.2,Apr-2025,EUR
2025-01-12T16:03:00,essuie-tout,Auchan,3.11,2.99,-3.82,2.2,Apr-2025,EUR
2025-01-11T15:48:00,farine-de-ble,Auchan,1.64,1.58,-3.57,2.2,Apr-2025,EUR
2025-01-15T12:59:00,farine-de-ble,Auchan,1.64,1.59,-2.96,2.2,Apr-2025,EUR
2025-01-17T09:00:00,farine-de-ble,Auchan,1.64,1.59,-2.96,2.2,Apr-2025,EUR
2025-01-06T19:16:00,fromage,Auchan,5.86,5.63,-3.85,2.2,Apr-2025,EUR
2025-01-14T11:14:00,fromage,Auchan,5.86,5.72,-2.31,2.2,Apr-2025,EUR
2025-01-05T08:04:00,haricots,Auchan,3.11,3.01,-3.33,2.2,Apr-2025,EUR
2025-01-07T15:56:00,haricots,Auchan,3.11,3.01,-3.33,2.2,Apr-2025,EUR
2025-01-05T12:02:00,haricotsverts,Auchan,2.8,2.71,-3.12,2.2,Apr-2025,EUR
2025-01-28T19:01:00,haricotsverts,Auchan,2.8,2.73,-2.4,2.2,Apr-2025,EUR
2025-01-14T12:47:00,huile,Auchan,5.81,5.7,-1.96,2.2,Apr-2025,EUR
2025-01-27T08:59:00,huile,Auchan,5.81,5.66,-2.65,2.2,Apr-2025,EUR
2025-01-11T09:42:00,infusion,Auchan,3.48,3.41,-2.08,2.2,Apr-2025,EUR
2025-01-16T15:37:00,infusion,Auchan,3.48,3.41,-2.08,2.2,Apr-2025,EUR
2025-01-09T14:36:00,infusion,Auchan,3.48,3.39,-2.65,2.2,Apr-2025,EUR
2025-01-04T12:19:00,jambon,Auchan,7.19,7.12,-1.02,2.2,Apr-2025,EUR
2025-01-20T19:34:00,jambon,Auchan,7.19,7.19,-0.05,2.2,Apr-2025,EUR
2025-01-16T09:54:00,jambon,Auchan,7.19,7.05,-1.99,2.2,Apr-2025,EUR
2025-01-20T14:07:00,jus,Auchan,3.26,3.13,-3.88,2.2,Apr-2025,EUR
2025-01-18T17:16:00,jus,Auchan,3.26,3.15,-3.26,2.2,Apr-2025,EUR
2025-01-26T14:15:00,jus,Auchan,3.26,3.15,-3.26,2.2,Apr-2025,EUR
2025-01-02T18:54:00,jus,Auchan,3.26,3.19,-2.04,2.2,Apr-2025,EUR
2025-01-08T20:31:00,ketchup,Auchan,2.31,2.24,-2.89,2.2,Apr-2025,EUR
2025-01-05T14:46:00,ketchup,Auchan,2.31,2.26,-2.03,2.2,Apr-2025,EUR
2025-01-27T11:26:00,ketchup,Auchan,2.31,2.22,-3.76,2.2,Apr-2025,EUR
2025-01-23T15:16:00,lait entier,Auchan,1.23,1.2,-2.34,2.2,Apr-2025,EUR
2025-01-01T16:16:00,lait entier,Auchan,1.23,1.19,-3.15,2.2,Apr-2025,EUR
2025-01-17T10:52:00,lait entier,Auchan,1.23,1.19,-3.15,2.2,Apr-2025,EUR
2025-01-20T17:44:00,laitue,Auchan,1.47,1.44,-2.12,2.2,Apr-2025,EUR
2025-01-04T09:37:00,laitue,Auchan,1.47,1.44,-2.12,2.2,Apr-2025,EUR
2025-01-02T18:11:00,lave-vaiselle,Auchan,1.05,1.02,-3.16,2.2,Apr-2025,EUR
2025-01-07T17:27:00,lave-vaiselle,Auchan,1.05,1.02,-3.16,2.2,Apr-2025,EUR
2025-01-23T15:20:00,lessive,Auchan,2.78,2.69,-3.37,2.2,Apr-2025,EUR
2025-01-24T11:34:00,lessive,Auchan,2.78,2.68,-3.73,2.2,Apr-2025,EUR
2025-01-26T18:51:00,liquide-vaisselle,Auchan,1.09,1.05,-3.77,2.2,Apr-2025,EUR
2025-01-13T13:07:00,liquide-vaisselle,Auchan,1.09,1.06,-2.85,2.2,Apr-2025,EUR
2025-01-20T14:43:00,liquide-vaisselle,Auchan,1.09,1.06,-2.85,2.2,Apr-2025,EUR
2025-01-01T15:48:00,mayonnaise,Auchan,3.22,3.14,-2.36,2.2,Apr-2025,EUR
2025-01-18T10:14:00,mayonnaise,Auchan,3.22,3.1,-3.6,2.2,Apr-2025,EUR
2025-01-01T16:01:00,mayonnaise,Auchan,3.22,3.12,-2.98,2.2,Apr-2025,EUR
2025-01-15T16:12:00,moutarde,Auchan,2.74,2.66,-2.84,2.2,Apr-2025,EUR
2025-01-03T16:50:00,moutarde,Auchan,2.74,2.65,-3.2,2.2,Apr-2025,EUR
2025-01-01T16:11:00,muesli-cereales,Auchan,3.4,3.29,-3.29,2.2,Apr-2025,EUR
2025-01-23T12:10:00,muesli-cereales,Auchan,3.4,3.29,-3.29,2.2,Apr-2025,EUR
2025-01-13T16:09:00,nettoyant-liquide,Auchan,2.9,2.82,-2.65,2.2,Apr-2025,EUR
2025-01-25T19:25:00,nettoyant-liquide,Auchan,2.9,2.8,-3.34,2.2,Apr-2025,EUR
2025-01-16T15:18:00,nettoyant-liquide,Auchan,2.9,2.82,-2.65,2.2,Apr-2025,EUR
2025-01-15T11:25:00,nettoyant-liquide,Auchan,2.9,2.84,-1.96,2.2,Apr-2025,EUR
2025-01-09T08:25:00,noix,Auchan,2.94,2.86,-2.8,2.2,Apr-2025,EUR
2025-01-22T11:54:00,noix,Auchan,2.94,2.85,-3.14,2.2,Apr-2025,EUR
2025-01-15T16:35:00,noix,Auchan,2.94,2.86,-2.8,2.2,Apr-2025,EUR
2025-01-03T20:07:00,oeufs,Auchan,3.52,3.45,-1.86,2.2,Apr-2025,EUR
2025-01-06T09:32:00,oeufs,Auchan,3.52,3.44,-2.14,2.2,Apr-2025,EUR
2025-01-09T15:35:00,oignons,Auchan,2.92,2.84,-2.81,2.2,Apr-2025,EUR
2025-01-26T10:21:00,oignons,Auchan,2.92,2.82,-3.49,2.2,Apr-2025,EUR
2025-01-15T18:24:00,oignons,Auchan,2.92,2.83,-3.15,2.2,Apr-2025,EUR
2025-01-02T10:24:00,oignons,Auchan,2.92,2.84,-2.81,2.2,Apr-2025,EUR
2025-01-05T09:07:00,pan-de-mie,Auchan,3.28,3.17,-3.27,2.2,Apr-2025,EUR
2025-01-13T10:20:00,pan-de-mie,Auchan,3.28,3.2,-2.36,2.2,Apr-2025,EUR
2025-01-02T16:07:00,pan-de-mie,Auchan,3.28,3.16,-3.58,2.2,Apr-2025,EUR
2025-01-23T20:08:00,papier-toilette,Auchan,3.04,2.94,-3.41,2.2,Apr-2025,EUR
2025-01-04T20:34:00,papier-toilette,Auchan,3.04,2.93,-3.74,2.2,Apr-2025,EUR
2025-01-12T18:39:00,papier-toilette,Auchan,3.04,2.94,-3.41,2.2,Apr-2025,EUR
2025-01-06T15:02:00,papier-toilette,Auchan,3.04,2.94,-3.41,2.2,Apr-2025,EUR
2025-01-23T13:05:00,pasta,Auchan,2.7,2.6,-3.7,2.2,Apr-2025,EUR
2025-01-28T08:04:00,pasta,Auchan,2.7,2.62,-2.96,2.2,Apr-2025,EUR
2025-01-05T10:50:00,pasta,Auchan,2.7,2.64,-2.22,2.2,Apr-2025,EUR
2025-01-10T10:01:00,pasta,Auchan,2.7,2.64,-2.22,2.2,Apr-2025,EUR
2025-01-02T11:24:00,pates,Auchan,2.94,2.85,-2.98,2.2,Apr-2025,EUR
2025-01-18T18:33:00,pates,Auchan,2.94,2.86,-2.64,2.2,Apr-2025,EUR
2025-01-15T11:31:00,pates,Auchan,2.94,2.88,-1.96,2.2,Apr-2025,EUR
2025-01-24T19:22:00,pates,Auchan,2.94,2.87,-2.3,2.2,Apr-2025,EUR
2025-01-07T15:23:00,petits-pois,Auchan,2.5,2.43,-2.61,2.2,Apr-2025,EUR
2025-01-04T14:21:00,petits-pois,Auchan,2.5,2.41,-3.41,2.2,Apr-2025,EUR
2025-01-12T15:42:00,petits-pois,Auchan,2.5,2.41,-3.41,2.2,Apr-2025,EUR
2025-01-05T15:15:00,petits-pois,Auchan,2.5,2.44,-2.21,2.2,Apr-2025,EUR
2025-01-13T17:20:00,pois-chiches,Auchan,3.15,3.05,-3.08,2.2,Apr-2025,EUR
2025-01-07T13:35:00,pois-chiches,Auchan,3.15,3.08,-2.13,2.2,Apr-2025,EUR
2025-01-28T12:07:00,pois-chiches,Auchan,3.15,3.06,-2.76,2.2,Apr-2025,EUR
2025-01-09T14:07:00,poitrine,Auchan,3.08,3.01,-2.24,2.2,Apr-2025,EUR
2025-01-19T15:49:00,poitrine,Auchan,3.08,2.98,-3.21,2.2,Apr-2025,EUR
2025-01-18T14:32:00,poitrine,Auchan,3.08,3.0,-2.56,2.2,Apr-2025,EUR
2025-01-22T18:16:00,pommedeterre,Auchan,2.58,2.51,-2.8,2.2,Apr-2025,EUR
2025-01-06T11:56:00,pommedeterre,Auchan,2.58,2.49,-3.58,2.2,Apr-2025,EUR
2025-01-15T10:18:00,porc,Auchan,2.58,2.5,-3.19,2.2,Apr-2025,EUR
2025-01-01T09:46:00,porc,Auchan,2.58,2.51,-2.8,2.2,Apr-2025,EUR
2025-01-27T16:16:00,porc,Auchan,2.58,2.48,-3.97,2.2,Apr-2025,EUR
2025-01-18T16:49:00,poulet,Auchan,2.89,2.79,-3.32,2.2,Apr-2025,EUR
2025-01-10T11:31:00,poulet,Auchan,2.89,2.79,-3.32,2.2,Apr-2025,EUR
2025-01-21T18:56:00,poulet,Auchan,2.89,2.78,-3.67,2.2,Apr-2025,EUR
2025-01-13T15:03:00,poulet,Auchan,2.89,2.82,-2.28,2.2,Apr-2025,EUR
2025-01-15T13:56:00,sauce-tomate,Auchan,1.33,1.3,-2.12,2.2,Apr-2025,EUR
2025-01-13T17:38:00,sauce-tomate,Auchan,1.33,1.28,-3.63,2.2,Apr-2025,EUR
2025-01-26T17:02:00,saucisse,Auchan,4.91,4.76,-3.1,2.2,Apr-2025,EUR
2025-01-16T09:39:00,saucisse,Auchan,4.91,4.8,-2.28,2.2,Apr-2025,EUR
2025-01-26T08:29:00,sel-de-mer,Auchan,1.22,1.18,-3.47,2.2,Apr-2025,EUR
2025-01-04T18:27:00,sel-de-mer,Auchan,1.22,1.19,-2.65,2.2,Apr-2025,EUR
2025-01-21T10:47:00,sel-de-mer,Auchan,1.22,1.2,-1.84,2.2,Apr-2025,EUR
2025-01-20T09:05:00,sirop,Auchan,2.95,2.85,-3.39,2.2,Apr-2025,EUR
2025-01-08T08:34:00,sirop,Auchan,2.95,2.86,-3.05,2.2,Apr-2025,EUR
2025-01-15T11:05:00,sirop,Auchan,2.95,2.86,-3.05,2.2,Apr-2025,EUR
2025-01-21T13:46:00,the,Auchan,2.54,2.45,-3.42,2.2,Apr-2025,EUR
2025-01-07T20:58:00,the,Auchan,2.54,2.46,-3.03,2.2,Apr-2025,EUR
2025-01-03T17:42:00,the,Auchan,2.54,2.48,-2.24,2.2,Apr-2025,EUR
2025-01-13T13:04:00,thon,Auchan,3.09,3.02,-2.31,2.2,Apr-2025,EUR
2025-01-18T10:07:00,thon,Auchan,3.09,3.0,-2.95,2.2,Apr-2025,EUR
2025-01-24T08:31:00,thon,Auchan,3.09,2.99,-3.28,2.2,Apr-2025,EUR
2025-01-10T12:32:00,thon,Auchan,3.09,2.99,-3.28,2.2,Apr-2025,EUR
2025-01-24T14:20:00,tomacouli,Auchan,3.28,3.17,-3.29,2.2,Apr-2025,EUR
2025-01-11T12:52:00,tomacouli,Auchan,3.28,3.16,-3.6,2.2,Apr-2025,EUR
2025-01-08T13:36:00,tomacouli,Auchan,3.28,3.19,-2.68,2.2,Apr-2025,EUR
2025-01-03T10:39:00,tomacouli,Auchan,3.28,3.16,-3.6,2.2,Apr-2025,EUR
2025-01-19T15:45:00,tomates,Auchan,2.69,2.6,-3.42,2.2,Apr-2025,EUR
2025-01-12T20:39:00,tomates,Auchan,2.69,2.59,-3.79,2.2,Apr-2025,EUR
2025-01-14T12:28:00,tomates,Auchan,2.69,2.6,-3.42,2.2,Apr-2025,EUR
2025-01-15T14:22:00,viande-bovine,Auchan,8.75,8.52,-2.65,2.2,Apr-2025,EUR
2025-01-08T19:48:00,viande-bovine,Auchan,8.75,8.42,-3.79,2.2,Apr-2025,EUR
2025-01-11T12:39:00,viande-bovine,Auchan,8.75,8.42,-3.79,2.2,Apr-2025,EUR
2025-01-03T14:24:00,viande-bovine,Auchan,8.75,8.43,-3.67,2.2,Apr-2025,EUR
2025-01-04T17:29:00,vinaigre,Auchan,1.9,1.86,-2.33,2.2,Apr-2025,EUR
2025-01-24T08:11:00,vinaigre,Auchan,1.9,1.84,-3.38,2.2,Apr-2025,EUR
2025-01-28T13:13:00,vinaigre,Auchan,1.9,1.84,-3.38,2.2,Apr-2025,EUR
2025-01-26T18:10:00,vinaigre,Auchan,1.9,1.84,-3.38,2.2,Apr-2025,EUR
2025-01-07T18:51:00,yaourt,Auchan,3.39,3.28,-3.39,2.2,Apr-2025,EUR
2025-01-21T15:38:00,yaourt,Auchan,3.39,3.28,-3.39,2.2,Apr-2025,EUR
2025-01-24T14:08:00,yaourt,Auchan,3.39,3.26,-3.98,2.2,Apr-2025,EUR
2025-01-07T12:01:00,yaourt,Auchan,3.39,3.28,-3.39,2.2,Apr-2025,EUR
2025-02-20T11:14:00,ail,Auchan,2.25,2.22,-1.48,4.6,May-2025,EUR
2025-02-19T08:33:00,ail,Auchan,2.25,2.25,-0.15,4.6,May-2025,EUR
2025-02-17T19:08:00,ail,Auchan,2.25,2.23,-1.04,4.6,May-2025,EUR
2025-02-06T20:06:00,bacon,Auchan,7.78,7.68,-1.23,4.6,May-2025,EUR
2025-02-18T18:42:00,bacon,Auchan,7.78,7.76,-0.2,4.6,May-2025,EUR
2025-02-15T18:00:00,beurre,Auchan,4.29,4.24,-1.21,4.6,May-2025,EUR
2025-02-03T08:51:00,beurre,Auchan,4.29,4.23,-1.45,4.6,May-2025,EUR
2025-02-05T12:14:00,biscuits,Auchan,3.14,3.13,-0.2,4.6,May-2025,EUR
2025-02-26T09:59:00,biscuits,Auchan,3.14,3.09,-1.48,4.6,May-2025,EUR
2025-02-16T14:58:00,biscuits,Auchan,3.14,3.09,-1.48,4.6,May-2025,EUR
2025-02-07T11:50:00,bonbons,Auchan,3.2,3.18,-0.73,4.6,May-2025,EUR
2025-02-25T13:19:00,bonbons,Auchan,3.2,3.2,-0.11,4.6,May-2025,EUR
2025-02-13T18:52:00,bonbons,Auchan,3.2,3.16,-1.36,4.6,May-2025,EUR
2025-02-11T08:48:00,cacahuetes,Auchan,4.18,4.12,-1.46,4.6,May-2025,EUR
2025-02-10T09:50:00,cacahuetes,Auchan,4.18,4.15,-0.75,4.6,May-2025,EUR
2025-02-06T19:38:00,cacahuetes,Auchan,4.18,4.15,-0.75,4.6,May-2025,EUR
2025-02-06T15:33:00,cacahuetes,Auchan,4.18,4.18,-0.03,4.6,May-2025,EUR
2025-02-01T08:26:00,cafe,Auchan,4.23,4.18,-1.09,4.6,May-2025,EUR
2025-02-28T20:35:00,cafe,Auchan,4.23,4.23,0.09,4.6,May-2025,EUR
2025-02-06T15:24:00,cafe,Auchan,4.23,4.17,-1.33,4.6,May-2025,EUR
2025-02-09T12:08:00,cafe,Auchan,4.23,4.16,-1.57,4.6,May-2025,EUR
2025-02-19T13:50:00,carrots,Auchan,2.19,2.16,-1.47,4.6,May-2025,EUR
2025-02-06T13:37:00,carrots,Auchan,2.19,2.18,-0.56,4.6,May-2025,EUR
2025-02-20T17:55:00,carrots,Auchan,2.19,2.19,-0.1,4.6,May-2025,EUR
2025-02-20T16:46:00,carrots,Auchan,2.19,2.19,-0.1,4.6,May-2025,EUR
2025-02-19T19:22:00,chips,Auchan,2.31,2.32,0.34,4.6,May-2025,EUR
2025-02-03T19:15:00,chips,Auchan,2.31,2.31,-0.09,4.6,May-2025,EUR
2025-02-03T11:18:00,chips,Auchan,2.31,2.32,0.34,4.6,May-2025,EUR
2025-02-12T12:38:00,chocolat,Auchan,2.78,2.78,-0.09,4.6,May-2025,EUR
2025-02-04T09:37:00,chocolat,Auchan,2.78,2.78,-0.09,4.6,May-2025,EUR
2025-02-06T10:24:00,chocolat,Auchan,2.78,2.75,-1.17,4.6,May-2025,EUR
2025-02-18T09:27:00,chocolat,Auchan,2.78,2.74,-1.53,4.6,May-2025,EUR
2025-02-17T20:40:00,creme,Auchan,2.75,2.72,-1.17,4.6,May-2025,EUR
2025-02-19T13:56:00,creme,Auchan,2.75,2.75,-0.08,4.6,May-2025,EUR
2025-02-09T19:49:00,epinards,Auchan,2.56,2.56,0.19,4.6,May-2025,EUR
2025-02-06T12:16:00,epinards,Auchan,2.56,2.52,-1.38,4.6,May-2025,EUR
2025-02-12T09:03:00,epinards,Auchan,2.56,2.55,-0.2,4.6,May-2025,EUR
2025-02-07T17:58:00,epinards,Auchan,2.56,2.54,-0.6,4.6,May-2025,EUR
2025-02-20T13:02:00,essuie-tout,Auchan,2.83,2.82,-0.27,4.6,May-2025,EUR
2025-02-20T16:46:00,essuie-tout,Auchan,2.83,2.84,0.43,4.6,May-2025,EUR
2025-02-06T08:25:00,farine-de-ble,Auchan,1.46,1.46,-0.1,4.6,May-2025,EUR
2025-02-24T15:53:00,farine-de-ble,Auchan,1.46,1.45,-0.79,4.6,May-2025,EUR
2025-02-27T11:36:00,fromage,Auchan,6.18,6.15,-0.48,4.6,May-2025,EUR
2025-02-12T12:18:00,fromage,Auchan,6.18,6.17,-0.16,4.6,May-2025,EUR
2025-02-11T10:19:00,haricots,Auchan,3.05,3.01,-1.35,4.6,May-2025,EUR
2025-02-04T14:03:00,haricots,Auchan,3.05,3.03,-0.7,4.6,May-2025,EUR
2025-02-05T17:48:00,haricots,Auchan,3.05,3.05,-0.04,4.6,May-2025,EUR
2025-02-13T18:44:00,haricotsverts,Auchan,3.0,2.98,-0.67,4.6,May-2025,EUR
2025-02-09T16:40:00,haricotsverts,Auchan,3.0,2.98,-0.67,4.6,May-2025,EUR
2025-02-27T09:37:00,huile,Auchan,5.97,5.95,-0.4,4.6,May-2025,EUR
2025-02-08T20:40:00,huile,Auchan,5.97,5.96,-0.23,4.6,May-2025,EUR
2025-02-12T15:03:00,huile,Auchan,5.97,5.88,-1.57,4.6,May-2025,EUR
2025-02-24T15:23:00,huile,Auchan,5.97,5.96,-0.23,4.6,May-2025,EUR
2025-02-02T18:38:00,infusion,Auchan,3.25,3.21,-1.19,4.6,May-2025,EUR
2025-02-11T14:04:00,infusion,Auchan,3.25,3.26,0.35,4.6,May-2025,EUR
2025-02-13T17:01:00,infusion,Auchan,3.25,3.23,-0.58,4.6,May-2025,EUR
2025-02-03T18:23:00,jambon,Auchan,7.13,7.03,-1.47,4.6,May-2025,EUR
2025-02-23T18:03:00,jambon,Auchan,7.13,7.05,-1.19,4.6,May-2025,EUR
2025-02-11T10:02:00,jambon,Auchan,7.13,7.11,-0.35,4.6,May-2025,EUR
2025-02-26T10:52:00,jus,Auchan,3.45,3.4,-1.41,4.6,May-2025,EUR
2025-02-01T12:45:00,jus,Auchan,3.45,3.46,0.33,4.6,May-2025,EUR
2025-02-07T14:46:00,jus,Auchan,3.45,3.44,-0.25,4.6,May-2025,EUR
2025-02-10T18:04:00,jus,Auchan,3.45,3.43,-0.54,4.6,May-2025,EUR
2025-02-20T17:39:00,ketchup,Auchan,2.39,2.39,0.14,4.6,May-2025,EUR
2025-02-20T16:11:00,ketchup,Auchan,2.39,2.38,-0.28,4.6,May-2025,EUR
2025-02-20T08:02:00,ketchup,Auchan,2.39,2.36,-1.12,4.6,May-2025,EUR
2025-02-15T19:19:00,ketchup,Auchan,2.39,2.39,0.14,4.6,May-2025,EUR
2025-02-25T11:09:00,lait entier,Auchan,1.67,1.66,-0.87,4.6,May-2025,EUR
2025-02-03T11:55:00,lait entier,Auchan,1.67,1.65,-1.47,4.6,May-2025,EUR
2025-02-19T10:53:00,lait entier,Auchan,1.67,1.66,-0.87,4.6,May-2025,EUR
2025-02-16T14:00:00,laitue,Auchan,1.55,1.55,0.23,4.6,May-2025,EUR
2025-02-01T14:46:00,laitue,Auchan,1.55,1.54,-0.41,4.6,May-2025,EUR
2025-02-09T17:13:00,lave-vaiselle,Auchan,0.94,0.94,-0.21,4.6,May-2025,EUR
2025-02-24T13:44:00,lave-vaiselle,Auchan,0.94,0.94,-0.21,4.6,May-2025,EUR
2025-02-02T20:46:00,lave-vaiselle,Auchan,0.94,0.94,-0.21,4.6,May-2025,EUR
2025-02-06T19:53:00,lave-vaiselle,Auchan,0.94,0.93,-1.27,4.6,May-2025,EUR
2025-02-14T20:56:00,lessive,Auchan,2.59,2.56,-1.34,4.6,May-2025,EUR
2025-02-28T10:59:00,lessive,Auchan,2.59,2.59,-0.19,4.6,May-2025,EUR
2025-02-25T16:56:00,lessive,Auchan,2.59,2.59,-0.19,4.6,May-2025,EUR
2025-02-25T10:17:00,lessive,Auchan,2.59,2.57,-0.96,4.6,May-2025,EUR
2025-02-22T08:41:00,liquide-vaisselle,Auchan,1.1,1.09,-1.13,4.6,May-2025,EUR
2025-02-08T11:09:00,liquide-vaisselle,Auchan,1.1,1.11,0.68,4.6,May-2025,EUR
2025-02-15T12:12:00,liquide-vaisselle,Auchan,1.1,1.09,-1.13,4.6,May-2025,EUR
2025-02-12T12:41:00,liquide-vaisselle,Auchan,1.1,1.1,-0.23,4.6,May-2025,EUR
2025-02-22T18:22:00,mayonnaise,Auchan,3.36,3.32,-1.05,4.6,May-2025,EUR
2025-02-06T13:51:00,mayonnaise,Auchan,3.36,3.33,-0.75,4.6,May-2025,EUR
2025-02-24T11:31:00,moutarde,Auchan,2.78,2.75,-1.0,4.6,May-2025,EUR
2025-02-18T12:56:00,moutarde,Auchan,2.78,2.76,-0.64,4.6,May-2025,EUR
2025-02-23T08:12:00,moutarde,Auchan,2.78,2.77,-0.28,4.6,May-2025,EUR
2025-02-03T08:41:00,moutarde,Auchan,2.78,2.77,-0.28,4.6,May-2025,EUR
2025-02-05T14:05:00,muesli-cereales,Auchan,3.07,3.05,-0.63,4.6,May-2025,EUR
2025-02-27T19:05:00,muesli-cereales,Auchan,3.07,3.06,-0.3,4.6,May-2025,EUR
2025-02-03T13:44:00,muesli-cereales,Auchan,3.07,3.08,0.35,4.6,May-2025,EUR
2025-02-28T09:25:00,nettoyant-liquide,Auchan,2.83,2.81,-0.88,4.6,May-2025,EUR
2025-02-10T13:26:00,nettoyant-liquide,Auchan,2.83,2.84,0.18,4.6,May-2025,EUR
2025-02-08T09:24:00,noix,Auchan,2.95,2.96,0.25,4.6,May-2025,EUR
2025-02-24T13:50:00,noix,Auchan,2.95,2.93,-0.77,4.6,May-2025,EUR
2025-02-12T12:11:00,oeufs,Auchan,3.63,3.6,-0.77,4.6,May-2025,EUR
2025-02-25T15:11:00,oeufs,Auchan,3.63,3.62,-0.22,4.6,May-2025,EUR
2025-02-26T14:59:00,oignons,Auchan,2.86,2.87,0.18,4.6,May-2025,EUR
2025-02-13T08:06:00,oignons,Auchan,2.86,2.84,-0.87,4.6,May-2025,EUR
2025-02-20T18:22:00,oignons,Auchan,2.86,2.84,-0.87,4.6,May-2025,EUR
2025-02-19T14:43:00,oignons,Auchan,2.86,2.86,-0.17,4.6,May-2025,EUR
2025-02-09T16:44:00,pan-de-mie,Auchan,2.99,2.98,-0.44,4.6,May-2025,EUR
2025-02-07T17:17:00,pan-de-mie,Auchan,2.99,2.99,-0.11,4.6,May-2025,EUR
2025-02-12T09:24:00,pan-de-mie,Auchan,2.99,3.0,0.23,4.6,May-2025,EUR
2025-02-09T13:36:00,pan-de-mie,Auchan,2.99,3.0,0.23,4.6,May-2025,EUR
2025-02-08T09:04:00,papier-toilette,Auchan,3.07,3.08,0.4,4.6,May-2025,EUR
2025-02-23T19:23:00,papier-toilette,Auchan,3.07,3.05,-0.58,4.6,May-2025,EUR
2025-02-24T11:51:00,papier-toilette,Auchan,3.07,3.04,-0.91,4.6,May-2025,EUR
2025-02-14T18:30:00,pasta,Auchan,3.47,3.47,0.13,4.6,May-2025,EUR
2025-02-17T08:07:00,pasta,Auchan,3.47,3.47,0.13,4.6,May-2025,EUR
2025-02-17T18:40:00,pates,Auchan,3.03,2.98,-1.75,4.6,May-2025,EUR
2025-02-09T17:38:00,pates,Auchan,3.03,3.03,-0.1,4.6,May-2025,EUR
2025-02-04T18:55:00,petits-pois,Auchan,2.57,2.54,-0.98,4.6,May-2025,EUR
2025-02-05T17:13:00,petits-pois,Auchan,2.57,2.53,-1.37,4.6,May-2025,EUR
2025-02-09T10:48:00,petits-pois,Auchan,2.57,2.53,-1.37,4.6,May-2025,EUR
2025-02-10T20:34:00,pois-chiches,Auchan,2.81,2.82,0.27,4.6,May-2025,EUR
2025-02-02T18:44:00,pois-chiches,Auchan,2.81,2.82,0.27,4.6,May-2025,EUR
2025-02-19T11:35:00,pois-chiches,Auchan,2.81,2.78,-1.15,4.6,May-2025,EUR
2025-02-07T18:37:00,pois-chiches,Auchan,2.81,2.82,0.27,4.6,May-2025,EUR
2025-02-24T08:34:00,poitrine,Auchan,3.05,3.04,-0.21,4.6,May-2025,EUR
2025-02-10T20:55:00,poitrine,Auchan,3.05,3.04,-0.21,4.6,May-2025,EUR
2025-02-08T13:07:00,poitrine,Auchan,3.05,3.04,-0.21,4.6,May-2025,EUR
2025-02-24T18:33:00,pommedeterre,Auchan,3.44,3.42,-0.66,4.6,May-2025,EUR
2025-02-11T14:03:00,pommedeterre,Auchan,3.44,3.44,-0.07,4.6,May-2025,EUR
2025-02-11T15:50:00,pommedeterre,Auchan,3.44,3.44,-0.07,4.6,May-2025,EUR
2025-02-18T16:46:00,porc,Auchan,2.57,2.55,-0.9,4.6,May-2025,EUR
2025-02-05T09:43:00,porc,Auchan,2.57,2.54,-1.29,4.6,May-2025,EUR
2025-02-15T15:37:00,porc,Auchan,2.57,2.53,-1.67,4.6,May-2025,EUR
2025-02-20T11:33:00,porc,Auchan,2.57,2.54,-1.29,4.6,May-2025,EUR
2025-02-02T18:56:00,poulet,Auchan,2.57,2.55,-0.84,4.6,May-2025,EUR
2025-02-11T16:41:00,poulet,Auchan,2.57,2.53,-1.61,4.6,May-2025,EUR
2025-02-14T20:07:00,sauce-tomate,Auchan,1.71,1.7,-0.63,4.6,May-2025,EUR
2025-02-15T12:41:00,sauce-tomate,Auchan,1.71,1.69,-1.22,4.6,May-2025,EUR
2025-02-27T19:29:00,saucisse,Auchan,5.08,5.0,-1.57,4.6,May-2025,EUR
2025-02-22T10:04:00,saucisse,Auchan,5.08,5.09,0.2,4.6,May-2025,EUR
2025-02-04T08:59:00,sel-de-mer,Auchan,1.16,1.16,0.0,4.6,May-2025,EUR
2025-02-28T13:00:00,sel-de-mer,Auchan,1.16,1.16,0.0,4.6,May-2025,EUR
2025-02-20T09:06:00,sel-de-mer,Auchan,1.16,1.15,-0.86,4.6,May-2025,EUR
2025-02-07T20:26:00,sel-de-mer,Auchan,1.16,1.14,-1.72,4.6,May-2025,EUR
2025-02-23T16:13:00,sirop,Auchan,2.92,2.89,-0.87,4.6,May-2025,EUR
2025-02-19T13:43:00,sirop,Auchan,2.92,2.91,-0.19,4.6,May-2025,EUR
2025-02-09T17:55:00,sirop,Auchan,2.92,2.88,-1.22,4.6,May-2025,EUR
2025-02-07T10:40:00,the,Auchan,2.68,2.67,-0.43,4.6,May-2025,EUR
2025-02-08T20:12:00,the,Auchan,2.68,2.66,-0.81,4.6,May-2025,EUR
2025-02-03T16:44:00,thon,Auchan,2.76,2.75,-0.43,4.6,May-2025,EUR
2025-02-27T12:20:00,thon,Auchan,2.76,2.77,0.29,4.6,May-2025,EUR
2025-02-22T17:12:00,tomacouli,Auchan,3.3,3.26,-1.17,4.6,May-2025,EUR
2025-02-14T10:24:00,tomacouli,Auchan,3.3,3.27,-0.87,4.6,May-2025,EUR
2025-02-27T20:54:00,tomacouli,Auchan,3.3,3.31,0.34,4.6,May-2025,EUR
2025-02-06T14:01:00,tomacouli,Auchan,3.3,3.28,-0.57,4.6,May-2025,EUR
2025-02-02T15:47:00,tomates,Auchan,2.57,2.56,-0.48,4.6,May-2025,EUR
2025-02-18T20:02:00,tomates,Auchan,2.57,2.55,-0.87,4.6,May-2025,EUR
2025-02-03T09:53:00,tomates,Auchan,2.57,2.54,-1.26,4.6,May-2025,EUR
2025-02-23T17:36:00,viande-bovine,Auchan,9.16,9.09,-0.8,4.6,May-2025,EUR
2025-02-12T15:35:00,viande-bovine,Auchan,9.16,9.07,-1.02,4.6,May-2025,EUR
2025-02-28T09:30:00,vinaigre,Auchan,1.83,1.83,-0.23,4.6,May-2025,EUR
2025-02-22T18:55:00,vinaigre,Auchan,1.83,1.81,-1.32,4.6,May-2025,EUR
2025-02-28T20:46:00,vinaigre,Auchan,1.83,1.83,-0.23,4.6,May-2025,EUR
2025-02-13T09:19:00,vinaigre,Auchan,1.83,1.84,0.32,4.6,May-2025,EUR
2025-02-13T18:56:00,yaourt,Auchan,2.93,2.91,-0.75,4.6,May-2025,EUR
2025-02-17T13:43:00,yaourt,Auchan,2.93,2.92,-0.41,4.6,May-2025,EUR
2025-02-12T19:59:00,yaourt,Auchan,2.93,2.9,-1.1,4.6,May-2025,EUR
2025-03-07T18:28:00,ail,Auchan,2.45,2.47,0.76,7.1,Jun-2025,EUR
2025-03-18T15:37:00,ail,Auchan,2.45,2.5,1.99,7.1,Jun-2025,EUR
2025-03-28T10:19:00,ail,Auchan,2.45,2.47,0.76,7.1,Jun-2025,EUR
2025-03-18T14:44:00,bacon,Auchan,7.76,7.9,1.74,7.1,Jun-2025,EUR
2025-03-05T10:14:00,bacon,Auchan,7.76,7.91,1.87,7.1,Jun-2025,EUR
2025-03-11T18:08:00,bacon,Auchan,7.76,7.86,1.23,7.1,Jun-2025,EUR
2025-03-05T12:46:00,beurre,Auchan,4.44,4.53,1.97,7.1,Jun-2025,EUR
2025-03-10T18:18:00,beurre,Auchan,4.44,4.55,2.42,7.1,Jun-2025,EUR
2025-03-09T16:51:00,beurre,Auchan,4.44,4.48,0.84,7.1,Jun-2025,EUR
2025-03-03T19:15:00,beurre,Auchan,4.44,4.52,1.74,7.1,Jun-2025,EUR
2025-03-20T19:05:00,biscuits,Auchan,2.84,2.9,2.23,7.1,Jun-2025,EUR
2025-03-14T08:26:00,biscuits,Auchan,2.84,2.88,1.52,7.1,Jun-2025,EUR
2025-03-02T08:15:00,biscuits,Auchan,2.84,2.9,2.23,7.1,Jun-2025,EUR
2025-03-25T11:02:00,biscuits,Auchan,2.84,2.89,1.87,7.1,Jun-2025,EUR
2025-03-23T12:12:00,bonbons,Auchan,3.19,3.27,2.47,7.1,Jun-2025,EUR
2025-03-21T11:32:00,bonbons,Auchan,3.19,3.26,2.16,7.1,Jun-2025,EUR
2025-03-18T13:45:00,bonbons,Auchan,3.19,3.28,2.78,7.1,Jun-2025,EUR
2025-03-26T08:12:00,bonbons,Auchan,3.19,3.21,0.59,7.1,Jun-2025,EUR
2025-03-26T08:08:00,cacahuetes,Auchan,3.88,3.93,1.2,7.1,Jun-2025,EUR
2025-03-26T17:42:00,cacahuetes,Auchan,3.88,3.97,2.23,7.1,Jun-2025,EUR
2025-03-24T09:19:00,cacahuetes,Auchan,3.88,3.98,2.49,7.1,Jun-2025,EUR
2025-03-26T19:50:00,cafe,Auchan,4.28,4.32,1.02,7.1,Jun-2025,EUR
2025-03-13T15:17:00,cafe,Auchan,4.28,4.38,2.43,7.1,Jun-2025,EUR
2025-03-23T15:08:00,carrots,Auchan,1.84,1.87,1.84,7.1,Jun-2025,EUR
2025-03-23T12:17:00,carrots,Auchan,1.84,1.88,2.39,7.1,Jun-2025,EUR
2025-03-18T20:33:00,carrots,Auchan,1.84,1.88,2.39,7.1,Jun-2025,EUR
2025-03-19T10:20:00,carrots,Auchan,1.84,1.86,1.3,7.1,Jun-2025,EUR
2025-03-23T18:43:00,chips,Auchan,2.43,2.45,0.98,7.1,Jun-2025,EUR
2025-03-11T09:10:00,chips,Auchan,2.43,2.48,2.22,7.1,Jun-2025,EUR
2025-03-19T16:25:00,chips,Auchan,2.43,2.46,1.39,7.1,Jun-2025,EUR
2025-03-27T11:28:00,chips,Auchan,2.43,2.46,1.39,7.1,Jun-2025,EUR
2025-03-15T11:48:00,chocolat,Auchan,3.44,3.5,1.63,7.1,Jun-2025,EUR
2025-03-06T15:09:00,chocolat,Auchan,3.44,3.51,1.92,7.1,Jun-2025,EUR
2025-03-18T16:26:00,chocolat,Auchan,3.44,3.47,0.76,7.1,Jun-2025,EUR
2025-03-04T17:30:00,chocolat,Auchan,3.44,3.53,2.51,7.1,Jun-2025,EUR
2025-03-09T16:52:00,creme,Auchan,2.77,2.82,1.72,7.1,Jun-2025,EUR
2025-03-25T14:15:00,creme,Auchan,2.77,2.83,2.08,7.1,Jun-2025,EUR
2025-03-26T18:45:00,creme,Auchan,2.77,2.79,0.64,7.1,Jun-2025,EUR
2025-03-19T13:25:00,epinards,Auchan,2.47,2.51,1.63,7.1,Jun-2025,EUR
2025-03-02T13:57:00,epinards,Auchan,2.47,2.51,1.63,7.1,Jun-2025,EUR
2025-03-08T10:10:00,epinards,Auchan,2.47,2.52,2.04,7.1,Jun-2025,EUR
2025-03-14T09:30:00,epinards,Auchan,2.47,2.53,2.44,7.1,Jun-2025,EUR
2025-03-23T13:52:00,essuie-tout,Auchan,3.24,3.32,2.35,7.1,Jun-2025,EUR
2025-03-19T14:03:00,essuie-tout,Auchan,3.24,3.33,2.66,7.1,Jun-2025,EUR
2025-03-04T08:01:00,essuie-tout,Auchan,3.24,3.33,2.66,7.1,Jun-2025,EUR
2025-03-16T17:03:00,essuie-tout,Auchan,3.24,3.29,1.43,7.1,Jun-2025,EUR
2025-03-05T15:39:00,farine-de-ble,Auchan,1.26,1.28,1.68,7.1,Jun-2025,EUR
2025-03-18T09:57:00,farine-de-ble,Auchan,1.26,1.27,0.88,7.1,Jun-2025,EUR
2025-03-07T11:46:00,fromage,Auchan,5.85,5.91,1.02,7.1,Jun-2025,EUR
2025-03-19T16:49:00,fromage,Auchan,5.85,5.97,2.04,7.1,Jun-2025,EUR
2025-03-15T16:56:00,haricots,Auchan,3.08,3.15,2.21,7.1,Jun-2025,EUR
2025-03-10T13:28:00,haricots,Auchan,3.08,3.11,0.91,7.1,Jun-2025,EUR
2025-03-22T20:29:00,haricots,Auchan,3.08,3.15,2.21,7.1,Jun-2025,EUR
2025-03-11T12:45:00,haricotsverts,Auchan,2.88,2.93,1.6,7.1,Jun-2025,EUR
2025-03-20T16:53:00,haricotsverts,Auchan,2.88,2.94,1.94,7.1,Jun-2025,EUR
2025-03-23T10:41:00,huile,Auchan,5.93,6.0,1.23,7.1,Jun-2025,EUR
2025-03-05T12:26:00,huile,Auchan,5.93,5.99,1.06,7.1,Jun-2025,EUR
2025-03-17T17:14:00,huile,Auchan,5.93,5.99,1.06,7.1,Jun-2025,EUR
2025-03-15T18:06:00,huile,Auchan,5.93,6.09,2.75,7.1,Jun-2025,EUR
2025-03-21T11:29:00,infusion,Auchan,3.74,3.8,1.59,7.1,Jun-2025,EUR
2025-03-18T15:50:00,infusion,Auchan,3.74,3.84,2.66,7.1,Jun-2025,EUR
2025-03-07T17:20:00,infusion,Auchan,3.74,3.83,2.39,7.1,Jun-2025,EUR
2025-03-28T11:48:00,jambon,Auchan,6.95,7.12,2.45,7.1,Jun-2025,EUR
2025-03-18T14:26:00,jambon,Auchan,6.95,7.03,1.16,7.1,Jun-2025,EUR
2025-03-01T15:44:00,jambon,Auchan,6.95,7.02,1.01,7.1,Jun-2025,EUR
2025-03-14T14:08:00,jus,Auchan,3.64,3.71,1.82,7.1,Jun-2025,EUR
2025-03-23T18:45:00,jus,Auchan,3.64,3.67,0.72,7.1,Jun-2025,EUR
2025-03-07T09:42:00,jus,Auchan,3.64,3.72,2.1,7.1,Jun-2025,EUR
2025-03-17T14:19:00,jus,Auchan,3.64,3.71,1.82,7.1,Jun-2025,EUR
2025-03-05T13:42:00,ketchup,Auchan,2.0,2.04,1.81,7.1,Jun-2025,EUR
2025-03-17T16:20:00,ketchup,Auchan,2.0,2.05,2.31,7.1,Jun-2025,EUR
2025-03-06T17:20:00,ketchup,Auchan,2.0,2.03,1.31,7.1,Jun-2025,EUR
2025-03-02T12:04:00,lait entier,Auchan,1.75,1.77,1.41,7.1,Jun-2025,EUR
2025-03-18T11:17:00,lait entier,Auchan,1.75,1.78,1.98,7.1,Jun-2025,EUR
2025-03-24T14:58:00,lait entier,Auchan,1.75,1.76,0.83,7.1,Jun-2025,EUR
2025-03-18T13:55:00,lait entier,Auchan,1.75,1.79,2.55,7.1,Jun-2025,EUR
2025-03-04T16:21:00,laitue,Auchan,1.25,1.27,1.78,7.1,Jun-2025,EUR
2025-03-18T16:12:00,laitue,Auchan,1.25,1.27,1.78,7.1,Jun-2025,EUR
2025-03-25T10:31:00,laitue,Auchan,1.25,1.28,2.58,7.1,Jun-2025,EUR
2025-03-24T18:14:00,laitue,Auchan,1.25,1.28,2.58,7.1,Jun-2025,EUR
2025-03-19T20:15:00,lave-vaiselle,Auchan,0.93,0.95,1.97,7.1,Jun-2025,EUR
2025-03-16T17:14:00,lave-vaiselle,Auchan,0.93,0.95,1.97,7.1,Jun-2025,EUR
2025-03-07T14:51:00,lave-vaiselle,Auchan,0.93,0.95,1.97,7.1,Jun-2025,EUR
2025-03-22T12:18:00,lave-vaiselle,Auchan,0.93,0.95,1.97,7.1,Jun-2025,EUR
2025-03-04T14:36:00,lessive,Auchan,3.13,3.21,2.51,7.1,Jun-2025,EUR
2025-03-27T15:01:00,lessive,Auchan,3.13,3.21,2.51,7.1,Jun-2025,EUR
2025-03-15T20:00:00,lessive,Auchan,3.13,3.21,2.51,7.1,Jun-2025,EUR
2025-03-08T11:06:00,liquide-vaisselle,Auchan,1.19,1.2,1.08,7.1,Jun-2025,EUR
2025-03-27T18:59:00,liquide-vaisselle,Auchan,1.19,1.2,1.08,7.1,Jun-2025,EUR
2025-03-21T09:37:00,liquide-vaisselle,Auchan,1.19,1.22,2.77,7.1,Jun-2025,EUR
2025-03-02T17:31:00,liquide-vaisselle,Auchan,1.19,1.2,1.08,7.1,Jun-2025,EUR
2025-03-03T20:39:00,mayonnaise,Auchan,3.31,3.37,1.81,7.1,Jun-2025,EUR
2025-03-20T08:09:00,mayonnaise,Auchan,3.31,3.38,2.11,7.1,Jun-2025,EUR
2025-03-12T20:08:00,mayonnaise,Auchan,3.31,3.34,0.9,7.1,Jun-2025,EUR
2025-03-17T11:30:00,moutarde,Auchan,3.25,3.33,2.51,7.1,Jun-2025,EUR
2025-03-04T10:07:00,moutarde,Auchan,3.25,3.29,1.28,7.1,Jun-2025,EUR
2025-03-16T17:09:00,muesli-cereales,Auchan,3.29,3.37,2.41,7.1,Jun-2025,EUR
2025-03-06T18:47:00,muesli-cereales,Auchan,3.29,3.35,1.81,7.1,Jun-2025,EUR
2025-03-11T19:39:00,muesli-cereales,Auchan,3.29,3.38,2.72,7.1,Jun-2025,EUR
2025-03-26T09:12:00,muesli-cereales,Auchan,3.29,3.36,2.11,7.1,Jun-2025,EUR
2025-03-14T09:03:00,nettoyant-liquide,Auchan,3.37,3.43,1.77,7.1,Jun-2025,EUR
2025-03-11T16:48:00,nettoyant-liquide,Auchan,3.37,3.46,2.66,7.1,Jun-2025,EUR
2025-03-24T13:04:00,nettoyant-liquide,Auchan,3.37,3.45,2.36,7.1,Jun-2025,EUR
2025-03-16T15:44:00,nettoyant-liquide,Auchan,3.37,3.45,2.36,7.1,Jun-2025,EUR
2025-03-23T10:32:00,noix,Auchan,3.47,3.54,2.07,7.1,Jun-2025,EUR
2025-03-26T15:58:00,noix,Auchan,3.47,3.54,2.07,7.1,Jun-2025,EUR
2025-03-13T15:30:00,oeufs,Auchan,3.51,3.57,1.71,7.1,Jun-2025,EUR
2025-03-01T14:23:00,oeufs,Auchan,3.51,3.58,2.0,7.1,Jun-2025,EUR
2025-03-08T09:50:00,oignons,Auchan,2.92,2.99,2.41,7.1,Jun-2025,EUR
2025-03-25T18:47:00,oignons,Auchan,2.92,2.98,2.07,7.1,Jun-2025,EUR
2025-03-23T17:13:00,oignons,Auchan,2.92,2.96,1.38,7.1,Jun-2025,EUR
2025-03-24T12:21:00,oignons,Auchan,2.92,2.94,0.7,7.1,Jun-2025,EUR
2025-03-04T19:54:00,pan-de-mie,Auchan,2.9,2.95,1.8,7.1,Jun-2025,EUR
2025-03-04T09:32:00,pan-de-mie,Auchan,2.9,2.96,2.14,7.1,Jun-2025,EUR
2025-03-10T12:22:00,pan-de-mie,Auchan,2.9,2.93,1.11,7.1,Jun-2025,EUR
2025-03-18T11:41:00,papier-toilette,Auchan,2.76,2.79,1.17,7.1,Jun-2025,EUR
2025-03-25T15:25:00,papier-toilette,Auchan,2.76,2.83,2.62,7.1,Jun-2025,EUR
2025-03-11T14:07:00,papier-toilette,Auchan,2.76,2.78,0.81,7.1,Jun-2025,EUR
2025-03-24T09:34:00,pasta,Auchan,2.54,2.6,2.52,7.1,Jun-2025,EUR
2025-03-16T15:03:00,pasta,Auchan,2.54,2.57,1.33,7.1,Jun-2025,EUR
2025-03-18T08:40:00,pates,Auchan,2.67,2.73,2.13,7.1,Jun-2025,EUR
2025-03-19T11:38:00,pates,Auchan,2.67,2.69,0.63,7.1,Jun-2025,EUR
2025-03-27T11:18:00,pates,Auchan,2.67,2.73,2.13,7.1,Jun-2025,EUR
2025-03-17T11:16:00,petits-pois,Auchan,3.44,3.48,1.29,7.1,Jun-2025,EUR
2025-03-02T18:52:00,petits-pois,Auchan,3.44,3.51,2.16,7.1,Jun-2025,EUR
2025-03-09T11:47:00,petits-pois,Auchan,3.44,3.46,0.71,7.1,Jun-2025,EUR
2025-03-12T16:15:00,pois-chiches,Auchan,3.38,3.47,2.77,7.1,Jun-2025,EUR
2025-03-10T12:24:00,pois-chiches,Auchan,3.38,3.42,1.29,7.1,Jun-2025,EUR
2025-03-17T12:27:00,pois-chiches,Auchan,3.38,3.45,2.18,7.1,Jun-2025,EUR
2025-03-08T16:10:00,pois-chiches,Auchan,3.38,3.44,1.88,7.1,Jun-2025,EUR
2025-03-11T12:27:00,poitrine,Auchan,3.45,3.5,1.58,7.1,Jun-2025,EUR
2025-03-20T12:17:00,poitrine,Auchan,3.45,3.51,1.87,7.1,Jun-2025,EUR
2025-03-20T12:30:00,poitrine,Auchan,3.45,3.51,1.87,7.1,Jun-2025,EUR
2025-03-05T10:20:00,pommedeterre,Auchan,2.69,2.76,2.54,7.1,Jun-2025,EUR
2025-03-10T10:59:00,pommedeterre,Auchan,2.69,2.73,1.42,7.1,Jun-2025,EUR
2025-03-01T20:32:00,pommedeterre,Auchan,2.69,2.73,1.42,7.1,Jun-2025,EUR
2025-03-03T14:22:00,pommedeterre,Auchan,2.69,2.73,1.42,7.1,Jun-2025,EUR
2025-03-04T20:41:00,porc,Auchan,3.15,3.21,1.89,7.1,Jun-2025,EUR
2025-03-14T20:53:00,porc,Auchan,3.15,3.23,2.52,7.1,Jun-2025,EUR
2025-03-26T15:25:00,porc,Auchan,3.15,3.24,2.84,7.1,Jun-2025,EUR
2025-03-25T20:09:00,poulet,Auchan,2.99,3.06,2.44,7.1,Jun-2025,EUR
2025-03-11T10:24:00,poulet,Auchan,2.99,3.06,2.44,7.1,Jun-2025,EUR
2025-03-11T15:36:00,poulet,Auchan,2.99,3.04,1.77,7.1,Jun-2025,EUR
2025-03-07T16:53:00,sauce-tomate,Auchan,1.34,1.37,2.33,7.1,Jun-2025,EUR
2025-03-24T12:56:00,sauce-tomate,Auchan,1.34,1.36,1.58,7.1,Jun-2025,EUR
2025-03-07T18:41:00,saucisse,Auchan,5.03,5.15,2.38,7.1,Jun-2025,EUR
2025-03-24T09:39:00,saucisse,Auchan,5.03,5.1,1.39,7.1,Jun-2025,EUR
2025-03-12T17:33:00,sel-de-mer,Auchan,1.14,1.15,1.09,7.1,Jun-2025,EUR
2025-03-28T10:58:00,sel-de-mer,Auchan,1.14,1.17,2.85,7.1,Jun-2025,EUR
2025-03-12T16:24:00,sel-de-mer,Auchan,1.14,1.17,2.85,7.1,Jun-2025,EUR
2025-03-18T10:14:00,sel-de-mer,Auchan,1.14,1.15,1.09,7.1,Jun-2025,EUR
2025-03-16T18:59:00,sirop,Auchan,2.61,2.66,1.89,7.1,Jun-2025,EUR
2025-03-25T18:04:00,sirop,Auchan,2.61,2.66,1.89,7.1,Jun-2025,EUR
2025-03-07T13:21:00,sirop,Auchan,2.61,2.64,1.12,7.1,Jun-2025,EUR
2025-03-13T16:45:00,the,Auchan,2.52,2.54,0.69,7.1,Jun-2025,EUR
2025-03-10T08:03:00,the,Auchan,2.52,2.56,1.49,7.1,Jun-2025,EUR
2025-03-24T18:11:00,the,Auchan,2.52,2.56,1.49,7.1,Jun-2025,EUR
2025-03-15T08:46:00,thon,Auchan,2.85,2.88,1.11,7.1,Jun-2025,EUR
2025-03-05T11:22:00,thon,Auchan,2.85,2.88,1.11,7.1,Jun-2025,EUR
2025-03-21T13:41:00,thon,Auchan,2.85,2.9,1.82,7.1,Jun-2025,EUR
2025-03-04T16:36:00,thon,Auchan,2.85,2.89,1.47,7.1,Jun-2025,EUR
2025-03-22T08:28:00,tomacouli,Auchan,3.31,3.34,0.99,7.1,Jun-2025,EUR
2025-03-03T09:40:00,tomacouli,Auchan,3.31,3.37,1.89,7.1,Jun-2025,EUR
2025-03-18T15:16:00,tomacouli,Auchan,3.31,3.35,1.29,7.1,Jun-2025,EUR
2025-03-13T12:57:00,tomacouli,Auchan,3.31,3.39,2.5,7.1,Jun-2025,EUR
2025-03-10T20:44:00,tomates,Auchan,2.57,2.61,1.45,7.1,Jun-2025,EUR
2025-03-05T12:41:00,tomates,Auchan,2.57,2.6,1.06,7.1,Jun-2025,EUR
2025-03-20T09:13:00,tomates,Auchan,2.57,2.61,1.45,7.1,Jun-2025,EUR
2025-03-10T11:22:00,tomates,Auchan,2.57,2.6,1.06,7.1,Jun-2025,EUR
2025-03-17T19:27:00,viande-bovine,Auchan,8.89,9.04,1.7,7.1,Jun-2025,EUR
2025-03-27T13:53:00,viande-bovine,Auchan,8.89,9.01,1.36,7.1,Jun-2025,EUR
2025-03-18T15:26:00,vinaigre,Auchan,1.84,1.86,0.94,7.1,Jun-2025,EUR
2025-03-16T14:36:00,vinaigre,Auchan,1.84,1.87,1.49,7.1,Jun-2025,EUR
2025-03-18T13:06:00,yaourt,Auchan,3.25,3.29,1.29,7.1,Jun-2025,EUR
2025-03-08T13:12:00,yaourt,Auchan,3.25,3.31,1.9,7.1,Jun-2025,EUR
2025-03-21T18:37:00,yaourt,Auchan,3.25,3.31,1.9,7.1,Jun-2025,EUR
2025-04-18T10:36:00,ail,Auchan,2.56,2.41,-5.85,9.9,Jul-2025,EUR
2025-04-05T20:05:00,ail,Auchan,2.56,2.43,-5.07,9.9,Jul-2025,EUR
2025-04-21T11:48:00,bacon,Auchan,7.25,7.18,-0.92,9.9,Jul-2025,EUR
2025-04-25T15:02:00,bacon,Auchan,7.25,7.25,0.05,9.9,Jul-2025,EUR
2025-04-12T20:07:00,bacon,Auchan,7.25,7.13,-1.61,9.9,Jul-2025,EUR
2025-04-23T18:09:00,bacon,Auchan,7.25,7.14,-1.47,9.9,Jul-2025,EUR
2025-04-23T08:37:00,beurre,Auchan,4.46,4.39,-1.66,9.9,Jul-2025,EUR
2025-04-12T20:39:00,beurre,Auchan,4.46,4.42,-0.99,9.9,Jul-2025,EUR
2025-04-18T14:35:00,biscuits,Auchan,3.27,3.15,-3.59,9.9,Jul-2025,EUR
2025-04-15T18:55:00,biscuits,Auchan,3.27,3.15,-3.59,9.9,Jul-2025,EUR
2025-04-10T08:51:00,biscuits,Auchan,3.27,3.13,-4.2,9.9,Jul-2025,EUR
2025-04-18T11:45:00,bonbons,Auchan,3.56,2.99,-16.02,9.9,Jul-2025,EUR
2025-04-04T08:05:00,bonbons,Auchan,3.56,2.98,-16.31,9.9,Jul-2025,EUR
2025-04-09T18:08:00,bonbons,Auchan,3.56,2.96,-16.87,9.9,Jul-2025,EUR
2025-04-20T18:58:00,bonbons,Auchan,3.56,3.0,-15.74,9.9,Jul-2025,EUR
2025-04-23T18:22:00,cacahuetes,Auchan,3.86,3.86,-0.03,9.9,Jul-2025,EUR
2025-04-16T20:46:00,cacahuetes,Auchan,3.86,3.81,-1.33,9.9,Jul-2025,EUR
2025-04-18T11:55:00,cafe,Auchan,4.23,4.2,-0.73,9.9,Jul-2025,EUR
2025-04-25T17:38:00,cafe,Auchan,4.23,4.2,-0.73,9.9,Jul-2025,EUR
2025-04-23T08:05:00,carrots,Auchan,1.8,1.79,-0.36,9.9,Jul-2025,EUR
2025-04-13T19:40:00,carrots,Auchan,1.8,1.78,-0.91,9.9,Jul-2025,EUR
2025-04-11T18:12:00,carrots,Auchan,1.8,1.78,-0.91,9.9,Jul-2025,EUR
2025-04-13T09:56:00,chips,Auchan,2.33,2.66,13.93,9.9,Jul-2025,EUR
2025-04-25T18:56:00,chips,Auchan,2.33,2.66,13.93,9.9,Jul-2025,EUR
2025-04-08T14:21:00,chips,Auchan,2.33,2.7,15.64,9.9,Jul-2025,EUR
2025-04-19T16:09:00,chips,Auchan,2.33,2.7,15.64,9.9,Jul-2025,EUR
2025-04-02T09:17:00,chocolat,Auchan,3.07,3.03,-1.21,9.9,Jul-2025,EUR
2025-04-17T15:23:00,chocolat,Auchan,3.07,3.02,-1.54,9.9,Jul-2025,EUR
2025-04-26T10:47:00,chocolat,Auchan,3.07,3.03,-1.21,9.9,Jul-2025,EUR
2025-04-22T20:43:00,chocolat,Auchan,3.07,3.07,0.09,9.9,Jul-2025,EUR
2025-04-23T08:25:00,creme,Auchan,3.17,3.17,-0.05,9.9,Jul-2025,EUR
2025-04-09T14:04:00,creme,Auchan,3.17,3.16,-0.36,9.9,Jul-2025,EUR
2025-04-26T12:44:00,creme,Auchan,3.17,3.15,-0.68,9.9,Jul-2025,EUR
2025-04-28T10:50:00,creme,Auchan,3.17,3.15,-0.68,9.9,Jul-2025,EUR
2025-04-07T20:28:00,epinards,Auchan,2.35,2.32,-1.32,9.9,Jul-2025,EUR
2025-04-24T12:20:00,epinards,Auchan,2.35,2.35,-0.05,9.9,Jul-2025,EUR
2025-04-13T13:35:00,essuie-tout,Auchan,2.8,2.78,-0.81,9.9,Jul-2025,EUR
2025-04-10T14:23:00,essuie-tout,Auchan,2.8,2.8,-0.1,9.9,Jul-2025,EUR
2025-04-14T11:52:00,essuie-tout,Auchan,2.8,2.8,-0.1,9.9,Jul-2025,EUR
2025-04-22T19:17:00,essuie-tout,Auchan,2.8,2.75,-1.88,9.9,Jul-2025,EUR
2025-04-16T08:41:00,farine-de-ble,Auchan,1.66,1.65,-0.53,9.9,Jul-2025,EUR
2025-04-25T14:53:00,farine-de-ble,Auchan,1.66,1.65,-0.53,9.9,Jul-2025,EUR
2025-04-18T10:37:00,farine-de-ble,Auchan,1.66,1.65,-0.53,9.9,Jul-2025,EUR
2025-04-18T20:53:00,farine-de-ble,Auchan,1.66,1.65,-0.53,9.9,Jul-2025,EUR
2025-04-19T14:45:00,fromage,Auchan,5.79,5.76,-0.58,9.9,Jul-2025,EUR
2025-04-19T14:41:00,fromage,Auchan,5.79,5.8,0.11,9.9,Jul-2025,EUR
2025-04-10T13:19:00,fromage,Auchan,5.79,5.83,0.63,9.9,Jul-2025,EUR
2025-04-20T15:00:00,haricots,Auchan,3.11,3.1,-0.29,9.9,Jul-2025,EUR
2025-04-07T13:35:00,haricots,Auchan,3.11,3.06,-1.58,9.9,Jul-2025,EUR
2025-04-25T16:11:00,haricots,Auchan,3.11,3.08,-0.93,9.9,Jul-2025,EUR
2025-04-20T09:14:00,haricots,Auchan,3.11,3.09,-0.61,9.9,Jul-2025,EUR
2025-04-14T19:04:00,haricotsverts,Auchan,2.9,2.87,-1.15,9.9,Jul-2025,EUR
2025-04-28T12:15:00,haricotsverts,Auchan,2.9,2.86,-1.5,9.9,Jul-2025,EUR
2025-04-19T13:43:00,haricotsverts,Auchan,2.9,2.86,-1.5,9.9,Jul-2025,EUR
2025-04-23T09:12:00,huile,Auchan,5.87,6.4,9.1,9.9,Jul-2025,EUR
2025-04-22T19:57:00,huile,Auchan,5.87,6.47,10.29,9.9,Jul-2025,EUR
2025-04-19T08:46:00,huile,Auchan,5.87,6.46,10.12,9.9,Jul-2025,EUR
2025-04-04T16:53:00,infusion,Auchan,3.21,3.15,-1.75,9.9,Jul-2025,EUR
2025-04-13T08:28:00,infusion,Auchan,3.21,3.16,-1.44,9.9,Jul-2025,EUR
2025-04-06T15:53:00,infusion,Auchan,3.21,3.15,-1.75,9.9,Jul-2025,EUR
2025-04-20T12:52:00,infusion,Auchan,3.21,3.15,-1.75,9.9,Jul-2025,EUR
2025-04-16T14:31:00,jambon,Auchan,6.78,6.41,-5.49,9.9,Jul-2025,EUR
2025-04-07T12:43:00,jambon,Auchan,6.78,6.35,-6.37,9.9,Jul-2025,EUR
2025-04-09T20:49:00,jambon,Auchan,6.78,6.39,-5.78,9.9,Jul-2025,EUR
2025-04-28T11:36:00,jus,Auchan,3.45,3.43,-0.47,9.9,Jul-2025,EUR
2025-04-28T19:01:00,jus,Auchan,3.45,3.39,-1.64,9.9,Jul-2025,EUR
2025-04-16T17:32:00,jus,Auchan,3.45,3.43,-0.47,9.9,Jul-2025,EUR
2025-04-13T18:46:00,jus,Auchan,3.45,3.44,-0.18,9.9,Jul-2025,EUR
2025-04-21T11:25:00,ketchup,Auchan,2.0,2.24,11.78,9.9,Jul-2025,EUR
2025-04-22T11:21:00,ketchup,Auchan,2.0,2.27,13.28,9.9,Jul-2025,EUR
2025-04-26T16:00:00,lait entier,Auchan,1.23,1.22,-0.74,9.9,Jul-2025,EUR
2025-04-26T19:04:00,lait entier,Auchan,1.23,1.22,-0.74,9.9,Jul-2025,EUR
2025-04-25T18:50:00,lait entier,Auchan,1.23,1.23,0.08,9.9,Jul-2025,EUR
2025-04-12T10:14:00,lait entier,Auchan,1.23,1.21,-1.55,9.9,Jul-2025,EUR
2025-04-01T17:20:00,laitue,Auchan,1.56,1.54,-1.49,9.9,Jul-2025,EUR
2025-04-07T19:47:00,laitue,Auchan,1.56,1.55,-0.85,9.9,Jul-2025,EUR
2025-04-27T17:10:00,lave-vaiselle,Auchan,0.79,0.78,-1.14,9.9,Jul-2025,EUR
2025-04-25T16:27:00,lave-vaiselle,Auchan,0.79,0.78,-1.14,9.9,Jul-2025,EUR
2025-04-12T09:33:00,lave-vaiselle,Auchan,0.79,0.79,0.13,9.9,Jul-2025,EUR
2025-04-27T17:08:00,lave-vaiselle,Auchan,0.79,0.78,-1.14,9.9,Jul-2025,EUR
2025-04-02T14:02:00,lessive,Auchan,2.82,2.82,0.01,9.9,Jul-2025,EUR
2025-04-05T13:39:00,lessive,Auchan,2.82,2.81,-0.34,9.9,Jul-2025,EUR
2025-04-20T13:35:00,lessive,Auchan,2.82,2.77,-1.76,9.9,Jul-2025,EUR
2025-04-07T13:56:00,liquide-vaisselle,Auchan,1.13,1.13,0.07,9.9,Jul-2025,EUR
2025-04-21T16:54:00,liquide-vaisselle,Auchan,1.13,1.12,-0.82,9.9,Jul-2025,EUR
2025-04-27T11:04:00,liquide-vaisselle,Auchan,1.13,1.12,-0.82,9.9,Jul-2025,EUR
2025-04-26T20:05:00,liquide-vaisselle,Auchan,1.13,1.12,-0.82,9.9,Jul-2025,EUR
2025-04-17T17:28:00,mayonnaise,Auchan,3.14,3.11,-1.09,9.9,Jul-2025,EUR
2025-04-15T16:49:00,mayonnaise,Auchan,3.14,3.15,0.19,9.9,Jul-2025,EUR
2025-04-10T10:12:00,moutarde,Auchan,2.64,2.62,-0.84,9.9,Jul-2025,EUR
2025-04-12T17:16:00,moutarde,Auchan,2.64,2.64,-0.09,9.9,Jul-2025,EUR
2025-04-19T10:49:00,moutarde,Auchan,2.64,2.61,-1.22,9.9,Jul-2025,EUR
2025-04-01T13:50:00,muesli-cereales,Auchan,2.86,2.82,-1.41,9.9,Jul-2025,EUR
2025-04-26T18:51:00,muesli-cereales,Auchan,2.86,2.85,-0.36,9.9,Jul-2025,EUR
2025-04-25T12:59:00,nettoyant-liquide,Auchan,3.47,3.41,-1.67,9.9,Jul-2025,EUR
2025-04-24T14:04:00,nettoyant-liquide,Auchan,3.47,3.47,0.06,9.9,Jul-2025,EUR
2025-04-17T12:03:00,nettoyant-liquide,Auchan,3.47,3.43,-1.09,9.9,Jul-2025,EUR
2025-04-02T14:26:00,noix,Auchan,3.39,3.35,-1.06,9.9,Jul-2025,EUR
2025-04-09T11:27:00,noix,Auchan,3.39,3.37,-0.46,9.9,Jul-2025,EUR
2025-04-25T14:13:00,noix,Auchan,3.39,3.36,-0.76,9.9,Jul-2025,EUR
2025-04-21T16:49:00,noix,Auchan,3.39,3.38,-0.17,9.9,Jul-2025,EUR
2025-04-21T13:34:00,oeufs,Auchan,3.57,3.73,4.58,9.9,Jul-2025,EUR
2025-04-12T08:10:00,oeufs,Auchan,3.57,3.74,4.86,9.9,Jul-2025,EUR
2025-04-03T17:49:00,oeufs,Auchan,3.57,3.7,3.74,9.9,Jul-2025,EUR
2025-04-28T20:16:00,oeufs,Auchan,3.57,3.69,3.46,9.9,Jul-2025,EUR
2025-04-01T11:49:00,oignons,Auchan,3.09,3.04,-1.72,9.9,Jul-2025,EUR
2025-04-09T19:02:00,oignons,Auchan,3.09,3.07,-0.75,9.9,Jul-2025,EUR
2025-04-25T20:40:00,oignons,Auchan,3.09,3.04,-1.72,9.9,Jul-2025,EUR
2025-04-21T20:04:00,pan-de-mie,Auchan,3.23,3.22,-0.28,9.9,Jul-2025,EUR
2025-04-18T10:29:00,pan-de-mie,Auchan,3.23,3.21,-0.59,9.9,Jul-2025,EUR
2025-04-16T10:32:00,pan-de-mie,Auchan,3.23,3.22,-0.28,9.9,Jul-2025,EUR
2025-04-01T18:01:00,pan-de-mie,Auchan,3.23,3.2,-0.9,9.9,Jul-2025,EUR
2025-04-07T14:30:00,papier-toilette,Auchan,2.78,2.75,-1.24,9.9,Jul-2025,EUR
2025-04-02T15:00:00,papier-toilette,Auchan,2.78,2.78,-0.16,9.9,Jul-2025,EUR
2025-04-26T08:53:00,papier-toilette,Auchan,2.78,2.74,-1.59,9.9,Jul-2025,EUR
2025-04-07T12:48:00,pasta,Auchan,3.03,2.99,-1.35,9.9,Jul-2025,EUR
2025-04-10T19:15:00,pasta,Auchan,3.03,2.98,-1.68,9.9,Jul-2025,EUR
2025-04-19T15:04:00,pasta,Auchan,3.03,3.0,-1.03,9.9,Jul-2025,EUR
2025-04-23T13:45:00,pasta,Auchan,3.03,3.03,-0.04,9.9,Jul-2025,EUR
2025-04-08T11:04:00,pates,Auchan,2.68,2.66,-0.89,9.9,Jul-2025,EUR
2025-04-16T19:32:00,pates,Auchan,2.68,2.67,-0.51,9.9,Jul-2025,EUR
2025-04-26T18:25:00,pates,Auchan,2.68,2.65,-1.26,9.9,Jul-2025,EUR
2025-04-06T13:09:00,petits-pois,Auchan,3.18,3.15,-0.97,9.9,Jul-2025,EUR
2025-04-12T10:22:00,petits-pois,Auchan,3.18,3.17,-0.35,9.9,Jul-2025,EUR
2025-04-26T18:17:00,petits-pois,Auchan,3.18,3.13,-1.6,9.9,Jul-2025,EUR
2025-04-16T08:53:00,petits-pois,Auchan,3.18,3.15,-0.97,9.9,Jul-2025,EUR
2025-04-06T19:05:00,pois-chiches,Auchan,2.77,2.76,-0.4,9.9,Jul-2025,EUR
2025-04-09T12:42:00,pois-chiches,Auchan,2.77,2.74,-1.12,9.9,Jul-2025,EUR
2025-04-27T19:42:00,poitrine,Auchan,3.21,3.17,-1.28,9.9,Jul-2025,EUR
2025-04-10T09:03:00,poitrine,Auchan,3.21,3.19,-0.66,9.9,Jul-2025,EUR
2025-04-22T10:04:00,poitrine,Auchan,3.21,3.2,-0.35,9.9,Jul-2025,EUR
2025-04-24T16:59:00,pommedeterre,Auchan,2.84,2.79,-1.71,9.9,Jul-2025,EUR
2025-04-04T19:31:00,pommedeterre,Auchan,2.84,2.8,-1.36,9.9,Jul-2025,EUR
2025-04-16T19:36:00,porc,Auchan,3.31,3.27,-1.31,9.9,Jul-2025,EUR
2025-04-25T15:38:00,porc,Auchan,3.31,3.32,0.2,9.9,Jul-2025,EUR
2025-04-20T15:55:00,porc,Auchan,3.31,3.3,-0.4,9.9,Jul-2025,EUR
2025-04-13T16:24:00,porc,Auchan,3.31,3.28,-1.0,9.9,Jul-2025,EUR
2025-04-22T17:44:00,poulet,Auchan,2.52,2.48,-1.48,9.9,Jul-2025,EUR
2025-04-26T10:59:00,poulet,Auchan,2.52,2.48,-1.48,9.9,Jul-2025,EUR
2025-04-07T16:07:00,poulet,Auchan,2.52,2.52,0.11,9.9,Jul-2025,EUR
2025-04-16T13:36:00,sauce-tomate,Auchan,1.35,1.33,-1.3,9.9,Jul-2025,EUR
2025-04-02T16:46:00,sauce-tomate,Auchan,1.35,1.33,-1.3,9.9,Jul-2025,EUR
2025-04-27T12:37:00,sauce-tomate,Auchan,1.35,1.34,-0.56,9.9,Jul-2025,EUR
2025-04-21T09:18:00,saucisse,Auchan,5.01,4.96,-0.94,9.9,Jul-2025,EUR
2025-04-18T08:52:00,saucisse,Auchan,5.01,4.99,-0.34,9.9,Jul-2025,EUR
2025-04-05T15:10:00,saucisse,Auchan,5.01,4.93,-1.53,9.9,Jul-2025,EUR
2025-04-06T17:02:00,sel-de-mer,Auchan,1.02,1.02,0.09,9.9,Jul-2025,EUR
2025-04-13T15:45:00,sel-de-mer,Auchan,1.02,1.01,-0.89,9.9,Jul-2025,EUR
2025-04-02T18:02:00,sel-de-mer,Auchan,1.02,1.02,0.09,9.9,Jul-2025,EUR
2025-04-25T08:23:00,sel-de-mer,Auchan,1.02,1.01,-0.89,9.9,Jul-2025,EUR
2025-04-13T17:01:00,sirop,Auchan,3.07,3.05,-0.55,9.9,Jul-2025,EUR
2025-04-05T08:06:00,sirop,Auchan,3.07,3.07,0.1,9.9,Jul-2025,EUR
2025-04-21T17:48:00,sirop,Auchan,3.07,3.01,-1.86,9.9,Jul-2025,EUR
2025-04-06T16:13:00,the,Auchan,2.62,2.54,-3.18,9.9,Jul-2025,EUR
2025-04-26T08:35:00,the,Auchan,2.62,2.54,-3.18,9.9,Jul-2025,EUR
2025-04-10T14:18:00,the,Auchan,2.62,2.52,-3.94,9.9,Jul-2025,EUR
2025-04-04T09:24:00,the,Auchan,2.62,2.53,-3.56,9.9,Jul-2025,EUR
2025-04-24T19:32:00,thon,Auchan,3.08,3.07,-0.29,9.9,Jul-2025,EUR
2025-04-15T17:02:00,thon,Auchan,3.08,3.05,-0.94,9.9,Jul-2025,EUR
2025-04-17T11:28:00,thon,Auchan,3.08,3.04,-1.27,9.9,Jul-2025,EUR
2025-04-04T19:24:00,thon,Auchan,3.08,3.08,0.03,9.9,Jul-2025,EUR
2025-04-10T16:51:00,tomacouli,Auchan,2.88,2.85,-0.89,9.9,Jul-2025,EUR
2025-04-06T10:14:00,tomacouli,Auchan,2.88,2.84,-1.24,9.9,Jul-2025,EUR
2025-04-13T12:46:00,tomacouli,Auchan,2.88,2.88,0.15,9.9,Jul-2025,EUR
2025-04-16T15:54:00,tomates,Auchan,3.28,3.25,-1.04,9.9,Jul-2025,EUR
2025-04-28T16:01:00,tomates,Auchan,3.28,3.27,-0.43,9.9,Jul-2025,EUR
2025-04-21T18:45:00,tomates,Auchan,3.28,3.24,-1.34,9.9,Jul-2025,EUR
2025-04-10T14:58:00,tomates,Auchan,3.28,3.23,-1.65,9.9,Jul-2025,EUR
2025-04-11T09:08:00,viande-bovine,Auchan,9.18,9.12,-0.63,9.9,Jul-2025,EUR
2025-04-02T17:36:00,viande-bovine,Auchan,9.18,9.15,-0.31,9.9,Jul-2025,EUR
2025-04-17T19:24:00,viande-bovine,Auchan,9.18,9.1,-0.85,9.9,Jul-2025,EUR
2025-04-03T14:20:00,viande-bovine,Auchan,9.18,9.19,0.13,9.9,Jul-2025,EUR
2025-04-10T12:58:00,vinaigre,Auchan,2.23,2.21,-0.82,9.9,Jul-2025,EUR
2025-04-26T19:21:00,vinaigre,Auchan,2.23,2.23,0.08,9.9,Jul-2025,EUR
2025-04-19T11:42:00,yaourt,Auchan,3.22,3.22,-0.13,9.9,Jul-2025,EUR
2025-04-06T14:46:00,yaourt,Auchan,3.22,3.19,-1.06,9.9,Jul-2025,EUR
2025-04-01T20:06:00,yaourt,Auchan,3.22,3.22,-0.13,9.9,Jul-2025,EUR
2025-04-22T17:32:00,yaourt,Auchan,3.22,3.19,-1.06,9.9,Jul-2025,EUR
2025-05-12T15:52:00,ail,Auchan,2.51,2.7,7.47,12.5,Aug-2025,EUR
2025-05-18T19:42:00,ail,Auchan,2.51,2.67,6.28,12.5,Aug-2025,EUR
2025-05-18T08:57:00,ail,Auchan,2.51,2.66,5.88,12.5,Aug-2025,EUR
2025-05-20T16:38:00,bacon,Auchan,7.54,8.06,6.93,12.5,Aug-2025,EUR
2025-05-21T08:59:00,bacon,Auchan,7.54,8.11,7.6,12.5,Aug-2025,EUR
2025-05-19T11:09:00,bacon,Auchan,7.54,8.09,7.33,12.5,Aug-2025,EUR
2025-05-22T20:04:00,bacon,Auchan,7.54,7.98,5.87,12.5,Aug-2025,EUR
2025-05-08T18:35:00,beurre,Auchan,4.34,4.6,5.98,12.5,Aug-2025,EUR
2025-05-17T19:47:00,beurre,Auchan,4.34,4.63,6.67,12.5,Aug-2025,EUR
2025-05-07T14:50:00,biscuits,Auchan,2.89,3.07,6.27,12.5,Aug-2025,EUR
2025-05-10T16:02:00,biscuits,Auchan,2.89,3.09,6.96,12.5,Aug-2025,EUR
2025-05-07T19:52:00,bonbons,Auchan,3.55,3.81,7.18,12.5,Aug-2025,EUR
2025-05-19T20:36:00,bonbons,Auchan,3.55,3.77,6.06,12.5,Aug-2025,EUR
2025-05-26T14:21:00,cacahuetes,Auchan,3.82,4.09,7.16,12.5,Aug-2025,EUR
2025-05-14T14:42:00,cacahuetes,Auchan,3.82,4.05,6.11,12.5,Aug-2025,EUR
2025-05-16T09:09:00,cafe,Auchan,3.95,4.22,6.84,12.5,Aug-2025,EUR
2025-05-19T20:30:00,cafe,Auchan,3.95,4.19,6.08,12.5,Aug-2025,EUR
2025-05-24T12:48:00,cafe,Auchan,3.95,4.21,6.59,12.5,Aug-2025,EUR
2025-05-21T15:42:00,carrots,Auchan,1.83,1.94,6.16,12.5,Aug-2025,EUR
2025-05-03T11:04:00,carrots,Auchan,1.83,1.96,7.26,12.5,Aug-2025,EUR
2025-05-27T09:06:00,carrots,Auchan,1.83,1.96,7.26,12.5,Aug-2025,EUR
2025-05-13T11:27:00,carrots,Auchan,1.83,1.94,6.16,12.5,Aug-2025,EUR
2025-05-18T14:19:00,chips,Auchan,2.19,2.51,14.56,12.5,Aug-2025,EUR
2025-05-19T11:20:00,chips,Auchan,2.19,2.55,16.39,12.5,Aug-2025,EUR
2025-05-04T11:10:00,chocolat,Auchan,3.07,3.3,7.62,12.5,Aug-2025,EUR
2025-05-13T18:03:00,chocolat,Auchan,3.07,3.28,6.97,12.5,Aug-2025,EUR
2025-05-09T12:55:00,chocolat,Auchan,3.07,3.28,6.97,12.5,Aug-2025,EUR
2025-05-28T12:17:00,creme,Auchan,3.14,3.33,6.14,12.5,Aug-2025,EUR
2025-05-04T18:31:00,creme,Auchan,3.14,3.33,6.14,12.5,Aug-2025,EUR
2025-05-17T12:23:00,creme,Auchan,3.14,3.35,6.78,12.5,Aug-2025,EUR
2025-05-21T10:12:00,epinards,Auchan,2.46,2.61,6.02,12.5,Aug-2025,EUR
2025-05-20T10:15:00,epinards,Auchan,2.46,2.64,7.24,12.5,Aug-2025,EUR
2025-05-19T14:28:00,epinards,Auchan,2.46,2.62,6.43,12.5,Aug-2025,EUR
2025-05-23T09:46:00,essuie-tout,Auchan,3.03,3.23,6.44,12.5,Aug-2025,EUR
2025-05-04T18:22:00,essuie-tout,Auchan,3.03,3.25,7.1,12.5,Aug-2025,EUR
2025-05-05T11:03:00,farine-de-ble,Auchan,1.59,1.69,6.32,12.5,Aug-2025,EUR
2025-05-26T08:52:00,farine-de-ble,Auchan,1.59,1.7,6.95,12.5,Aug-2025,EUR
2025-05-13T12:24:00,farine-de-ble,Auchan,1.59,1.7,6.95,12.5,Aug-2025,EUR
2025-05-10T14:00:00,fromage,Auchan,5.85,6.21,6.19,12.5,Aug-2025,EUR
2025-05-25T08:08:00,fromage,Auchan,5.85,6.27,7.22,12.5,Aug-2025,EUR
2025-05-09T12:17:00,fromage,Auchan,5.85,6.22,6.36,12.5,Aug-2025,EUR
2025-05-21T16:49:00,fromage,Auchan,5.85,6.27,7.22,12.5,Aug-2025,EUR
2025-05-03T14:31:00,haricots,Auchan,3.04,3.25,6.97,12.5,Aug-2025,EUR
2025-05-06T17:02:00,haricots,Auchan,3.04,3.22,5.98,12.5,Aug-2025,EUR
2025-05-23T14:18:00,haricotsverts,Auchan,3.24,3.48,7.51,12.5,Aug-2025,EUR
2025-05-07T08:03:00,haricotsverts,Auchan,3.24,3.45,6.59,12.5,Aug-2025,EUR
2025-05-10T11:26:00,haricotsverts,Auchan,3.24,3.47,7.21,12.5,Aug-2025,EUR
2025-05-26T16:36:00,haricotsverts,Auchan,3.24,3.43,5.97,12.5,Aug-2025,EUR
2025-05-04T16:00:00,huile,Auchan,5.82,6.22,6.91,12.5,Aug-2025,EUR
2025-05-11T20:00:00,huile,Auchan,5.82,6.23,7.08,12.5,Aug-2025,EUR
2025-05-10T08:46:00,huile,Auchan,5.82,6.26,7.6,12.5,Aug-2025,EUR
2025-05-23T16:21:00,huile,Auchan,5.82,6.18,6.22,12.5,Aug-2025,EUR
2025-05-17T08:05:00,infusion,Auchan,3.74,3.96,6.01,12.5,Aug-2025,EUR
2025-05-25T17:33:00,infusion,Auchan,3.74,3.99,6.81,12.5,Aug-2025,EUR
2025-05-25T19:04:00,infusion,Auchan,3.74,3.95,5.74,12.5,Aug-2025,EUR
2025-05-20T13:25:00,jambon,Auchan,6.97,7.44,6.68,12.5,Aug-2025,EUR
2025-05-05T08:35:00,jambon,Auchan,6.97,7.46,6.97,12.5,Aug-2025,EUR
2025-05-10T16:13:00,jus,Auchan,3.57,3.83,7.21,12.5,Aug-2025,EUR
2025-05-07T08:10:00,jus,Auchan,3.57,3.79,6.09,12.5,Aug-2025,EUR
2025-05-21T13:12:00,jus,Auchan,3.57,3.84,7.49,12.5,Aug-2025,EUR
2025-05-09T09:57:00,jus,Auchan,3.57,3.85,7.77,12.5,Aug-2025,EUR
2025-05-24T08:52:00,ketchup,Auchan,2.21,2.39,8.05,12.5,Aug-2025,EUR
2025-05-20T08:49:00,ketchup,Auchan,2.21,2.35,6.24,12.5,Aug-2025,EUR
2025-05-13T08:19:00,ketchup,Auchan,2.21,2.35,6.24,12.5,Aug-2025,EUR
2025-05-03T10:28:00,lait entier,Auchan,1.79,1.92,7.49,12.5,Aug-2025,EUR
2025-05-18T09:03:00,lait entier,Auchan,1.79,1.91,6.93,12.5,Aug-2025,EUR
2025-05-08T19:36:00,lait entier,Auchan,1.79,1.92,7.49,12.5,Aug-2025,EUR
2025-05-15T08:48:00,lait entier,Auchan,1.79,1.93,8.05,12.5,Aug-2025,EUR
2025-05-24T20:25:00,laitue,Auchan,1.74,1.86,7.07,12.5,Aug-2025,EUR
2025-05-08T17:34:00,laitue,Auchan,1.74,1.85,6.49,12.5,Aug-2025,EUR
2025-05-22T10:22:00,laitue,Auchan,1.74,1.86,7.07,12.5,Aug-2025,EUR
2025-05-05T09:32:00,lave-vaiselle,Auchan,1.25,1.32,5.99,12.5,Aug-2025,EUR
2025-05-14T11:16:00,lave-vaiselle,Auchan,1.25,1.34,7.59,12.5,Aug-2025,EUR
2025-05-01T13:53:00,lessive,Auchan,2.82,3.03,7.46,12.5,Aug-2025,EUR
2025-05-18T19:16:00,lessive,Auchan,2.82,3.02,7.1,12.5,Aug-2025,EUR
2025-05-20T12:03:00,lessive,Auchan,2.82,3.04,7.81,12.5,Aug-2025,EUR
2025-05-16T20:01:00,lessive,Auchan,2.82,3.01,6.75,12.5,Aug-2025,EUR
2025-05-03T09:40:00,liquide-vaisselle,Auchan,1.13,1.21,7.21,12.5,Aug-2025,EUR
2025-05-09T19:45:00,liquide-vaisselle,Auchan,1.13,1.22,8.1,12.5,Aug-2025,EUR
2025-05-05T18:52:00,liquide-vaisselle,Auchan,1.13,1.22,8.1,12.5,Aug-2025,EUR
2025-05-11T17:42:00,mayonnaise,Auchan,3.0,3.22,7.42,12.5,Aug-2025,EUR
2025-05-23T18:20:00,mayonnaise,Auchan,3.0,3.19,6.42,12.5,Aug-2025,EUR
2025-05-24T09:36:00,mayonnaise,Auchan,3.0,3.18,6.09,12.5,Aug-2025,EUR
2025-05-08T19:06:00,moutarde,Auchan,3.04,3.23,6.32,12.5,Aug-2025,EUR
2025-05-13T08:45:00,moutarde,Auchan,3.04,3.23,6.32,12.5,Aug-2025,EUR
2025-05-20T14:20:00,moutarde,Auchan,3.04,3.28,7.97,12.5,Aug-2025,EUR
2025-05-08T16:21:00,muesli-cereales,Auchan,2.92,3.1,6.21,12.5,Aug-2025,EUR
2025-05-16T17:09:00,muesli-cereales,Auchan,2.92,3.14,7.58,12.5,Aug-2025,EUR
2025-05-05T11:30:00,nettoyant-liquide,Auchan,3.1,3.31,6.72,12.5,Aug-2025,EUR
2025-05-13T09:32:00,nettoyant-liquide,Auchan,3.1,3.33,7.37,12.5,Aug-2025,EUR
2025-05-22T09:21:00,noix,Auchan,3.4,3.62,6.38,12.5,Aug-2025,EUR
2025-05-22T08:07:00,noix,Auchan,3.4,3.65,7.26,12.5,Aug-2025,EUR
2025-05-28T14:09:00,noix,Auchan,3.4,3.65,7.26,12.5,Aug-2025,EUR
2025-05-05T13:21:00,oeufs,Auchan,3.69,3.97,7.53,12.5,Aug-2025,EUR
2025-05-06T13:19:00,oeufs,Auchan,3.69,3.97,7.53,12.5,Aug-2025,EUR
2025-05-24T19:28:00,oignons,Auchan,2.72,2.89,6.21,12.5,Aug-2025,EUR
2025-05-21T11:46:00,oignons,Auchan,2.72,2.9,6.58,12.5,Aug-2025,EUR
2025-05-23T08:07:00,pan-de-mie,Auchan,3.31,3.53,6.56,12.5,Aug-2025,EUR
2025-05-21T15:13:00,pan-de-mie,Auchan,3.31,3.53,6.56,12.5,Aug-2025,EUR
2025-05-28T15:40:00,pan-de-mie,Auchan,3.31,3.53,6.56,12.5,Aug-2025,EUR
2025-05-24T17:27:00,pan-de-mie,Auchan,3.31,3.57,7.76,12.5,Aug-2025,EUR
2025-05-22T14:03:00,papier-toilette,Auchan,2.91,3.09,6.12,12.5,Aug-2025,EUR
2025-05-10T12:17:00,papier-toilette,Auchan,2.91,3.1,6.46,12.5,Aug-2025,EUR
2025-05-20T10:09:00,papier-toilette,Auchan,2.91,3.09,6.12,12.5,Aug-2025,EUR
2025-05-09T08:33:00,papier-toilette,Auchan,2.91,3.12,7.15,12.5,Aug-2025,EUR
2025-05-12T19:53:00,pasta,Auchan,2.55,2.72,6.56,12.5,Aug-2025,EUR
2025-05-23T12:35:00,pasta,Auchan,2.55,2.73,6.95,12.5,Aug-2025,EUR
2025-05-09T16:04:00,pasta,Auchan,2.55,2.75,7.74,12.5,Aug-2025,EUR
2025-05-28T17:26:00,pasta,Auchan,2.55,2.71,6.17,12.5,Aug-2025,EUR
2025-05-22T16:53:00,pates,Auchan,2.51,2.67,6.52,12.5,Aug-2025,EUR
2025-05-08T12:38:00,pates,Auchan,2.51,2.69,7.32,12.5,Aug-2025,EUR
2025-05-15T08:47:00,pates,Auchan,2.51,2.68,6.92,12.5,Aug-2025,EUR
2025-05-08T14:02:00,pates,Auchan,2.51,2.67,6.52,12.5,Aug-2025,EUR
2025-05-28T16:22:00,petits-pois,Auchan,2.56,2.75,7.44,12.5,Aug-2025,EUR
2025-05-03T10:56:00,petits-pois,Auchan,2.56,2.75,7.44,12.5,Aug-2025,EUR
2025-05-16T13:01:00,petits-pois,Auchan,2.56,2.72,6.27,12.5,Aug-2025,EUR
2025-05-05T10:46:00,petits-pois,Auchan,2.56,2.72,6.27,12.5,Aug-2025,EUR
2025-05-13T10:06:00,pois-chiches,Auchan,2.77,2.95,6.38,12.5,Aug-2025,EUR
2025-05-28T10:57:00,pois-chiches,Auchan,2.77,2.97,7.11,12.5,Aug-2025,EUR
2025-05-23T13:18:00,pois-chiches,Auchan,2.77,2.96,6.74,12.5,Aug-2025,EUR
2025-05-02T20:51:00,pois-chiches,Auchan,2.77,2.98,7.47,12.5,Aug-2025,EUR
2025-05-02T08:53:00,poitrine,Auchan,3.48,3.74,7.58,12.5,Aug-2025,EUR
2025-05-14T12:07:00,poitrine,Auchan,3.48,3.71,6.71,12.5,Aug-2025,EUR
2025-05-12T12:10:00,poitrine,Auchan,3.48,3.73,7.29,12.5,Aug-2025,EUR
2025-05-08T13:14:00,poitrine,Auchan,3.48,3.75,7.86,12.5,Aug-2025,EUR
2025-05-06T11:45:00,pommedeterre,Auchan,2.54,2.71,6.74,12.5,Aug-2025,EUR
2025-05-20T18:37:00,pommedeterre,Auchan,2.54,2.72,7.13,12.5,Aug-2025,EUR
2025-05-25T20:52:00,pommedeterre,Auchan,2.54,2.71,6.74,12.5,Aug-2025,EUR
2025-05-05T11:40:00,porc,Auchan,2.65,2.84,7.0,12.5,Aug-2025,EUR
2025-05-06T09:56:00,porc,Auchan,2.65,2.86,7.76,12.5,Aug-2025,EUR
2025-05-18T08:17:00,porc,Auchan,2.65,2.85,7.38,12.5,Aug-2025,EUR
2025-05-14T08:39:00,poulet,Auchan,3.32,3.54,6.66,12.5,Aug-2025,EUR
2025-05-21T17:27:00,poulet,Auchan,3.32,3.53,6.36,12.5,Aug-2025,EUR
2025-05-10T19:54:00,poulet,Auchan,3.32,3.56,7.26,12.5,Aug-2025,EUR
2025-05-02T11:46:00,poulet,Auchan,3.32,3.52,6.06,12.5,Aug-2025,EUR
2025-05-21T12:34:00,sauce-tomate,Auchan,1.38,1.48,7.34,12.5,Aug-2025,EUR
2025-05-25T20:49:00,sauce-tomate,Auchan,1.38,1.48,7.34,12.5,Aug-2025,EUR
2025-05-04T13:27:00,sauce-tomate,Auchan,1.38,1.46,5.88,12.5,Aug-2025,EUR
2025-05-11T19:26:00,saucisse,Auchan,5.22,5.58,6.95,12.5,Aug-2025,EUR
2025-05-22T19:26:00,saucisse,Auchan,5.22,5.57,6.76,12.5,Aug-2025,EUR
2025-05-17T08:15:00,sel-de-mer,Auchan,1.17,1.26,7.95,12.5,Aug-2025,EUR
2025-05-20T20:27:00,sel-de-mer,Auchan,1.17,1.24,6.23,12.5,Aug-2025,EUR
2025-05-04T15:32:00,sel-de-mer,Auchan,1.17,1.26,7.95,12.5,Aug-2025,EUR
2025-05-17T17:09:00,sel-de-mer,Auchan,1.17,1.24,6.23,12.5,Aug-2025,EUR
2025-05-23T20:19:00,sirop,Auchan,3.12,3.36,7.66,12.5,Aug-2025,EUR
2025-05-28T13:11:00,sirop,Auchan,3.12,3.33,6.7,12.5,Aug-2025,EUR
2025-05-08T19:17:00,sirop,Auchan,3.12,3.33,6.7,12.5,Aug-2025,EUR
2025-05-28T12:31:00,the,Auchan,2.24,2.38,6.15,12.5,Aug-2025,EUR
2025-05-25T18:22:00,the,Auchan,2.24,2.42,7.94,12.5,Aug-2025,EUR
2025-05-24T11:21:00,thon,Auchan,3.28,3.52,7.33,12.5,Aug-2025,EUR
2025-05-07T13:27:00,thon,Auchan,3.28,3.51,7.02,12.5,Aug-2025,EUR
2025-05-01T10:50:00,thon,Auchan,3.28,3.5,6.72,12.5,Aug-2025,EUR
2025-05-27T15:32:00,tomacouli,Auchan,2.75,2.92,6.14,12.5,Aug-2025,EUR
2025-05-04T16:00:00,tomacouli,Auchan,2.75,2.97,7.96,12.5,Aug-2025,EUR
2025-05-07T08:29:00,tomacouli,Auchan,2.75,2.96,7.6,12.5,Aug-2025,EUR
2025-05-11T16:09:00,tomacouli,Auchan,2.75,2.93,6.5,12.5,Aug-2025,EUR
2025-05-12T18:26:00,tomates,Auchan,2.64,2.82,6.62,12.5,Aug-2025,EUR
2025-05-02T10:12:00,tomates,Auchan,2.64,2.85,7.75,12.5,Aug-2025,EUR
2025-05-21T12:32:00,tomates,Auchan,2.64,2.81,6.24,12.5,Aug-2025,EUR
2025-05-04T15:58:00,viande-bovine,Auchan,9.07,9.75,7.49,12.5,Aug-2025,EUR
2025-05-02T18:33:00,viande-bovine,Auchan,9.07,9.77,7.71,12.5,Aug-2025,EUR
2025-05-11T19:35:00,vinaigre,Auchan,1.71,1.81,6.1,12.5,Aug-2025,EUR
2025-05-26T11:35:00,vinaigre,Auchan,1.71,1.81,6.1,12.5,Aug-2025,EUR
2025-05-12T08:46:00,vinaigre,Auchan,1.71,1.82,6.68,12.5,Aug-2025,EUR
2025-05-23T10:05:00,vinaigre,Auchan,1.71,1.82,6.68,12.5,Aug-2025,EUR
2025-05-05T12:43:00,yaourt,Auchan,2.67,2.86,6.95,12.5,Aug-2025,EUR
2025-05-02T19:41:00,yaourt,Auchan,2.67,2.84,6.2,12.5,Aug-2025,EUR
2025-05-05T13:32:00,yaourt,Auchan,2.67,2.84,6.2,12.5,Aug-2025,EUR
2025-06-25T10:01:00,ail,Auchan,2.62,2.84,8.2,14.5,Sep-2025,EUR
2025-06-04T08:44:00,ail,Auchan,2.62,2.86,8.96,14.5,Sep-2025,EUR
2025-06-14T17:18:00,ail,Auchan,2.62,2.85,8.58,14.5,Sep-2025,EUR
2025-06-26T11:36:00,ail,Auchan,2.62,2.85,8.58,14.5,Sep-2025,EUR
2025-06-11T14:20:00,bacon,Auchan,7.67,8.38,9.21,14.5,Sep-2025,EUR
2025-06-22T14:29:00,bacon,Auchan,7.67,8.43,9.86,14.5,Sep-2025,EUR
2025-06-22T15:21:00,beurre,Auchan,4.53,4.91,8.5,14.5,Sep-2025,EUR
2025-06-01T10:20:00,beurre,Auchan,4.53,4.94,9.16,14.5,Sep-2025,EUR
2025-06-01T18:59:00,beurre,Auchan,4.53,4.93,8.94,14.5,Sep-2025,EUR
2025-06-14T08:38:00,biscuits,Auchan,2.75,2.98,8.46,14.5,Sep-2025,EUR
2025-06-22T16:26:00,biscuits,Auchan,2.75,3.02,9.91,14.5,Sep-2025,EUR
2025-06-12T09:47:00,biscuits,Auchan,2.75,3.02,9.91,14.5,Sep-2025,EUR
2025-06-07T19:23:00,biscuits,Auchan,2.75,2.97,8.09,14.5,Sep-2025,EUR
2025-06-11T19:28:00,bonbons,Auchan,3.59,3.91,9.06,14.5,Sep-2025,EUR
2025-06-15T19:49:00,bonbons,Auchan,3.59,3.87,7.94,14.5,Sep-2025,EUR
2025-06-05T20:18:00,bonbons,Auchan,3.59,3.86,7.66,14.5,Sep-2025,EUR
2025-06-21T12:37:00,bonbons,Auchan,3.59,3.94,9.89,14.5,Sep-2025,EUR
2025-06-24T18:54:00,cacahuetes,Auchan,4.08,4.48,9.84,14.5,Sep-2025,EUR
2025-06-03T20:59:00,cacahuetes,Auchan,4.08,4.42,8.37,14.5,Sep-2025,EUR
2025-06-03T11:06:00,cafe,Auchan,3.99,4.31,7.94,14.5,Sep-2025,EUR
2025-06-14T15:59:00,cafe,Auchan,3.99,4.38,9.7,14.5,Sep-2025,EUR
2025-06-10T16:52:00,cafe,Auchan,3.99,4.32,8.19,14.5,Sep-2025,EUR
2025-06-27T08:08:00,carrots,Auchan,1.8,1.97,9.47,14.5,Sep-2025,EUR
2025-06-08T14:20:00,carrots,Auchan,1.8,1.96,8.92,14.5,Sep-2025,EUR
2025-06-03T15:41:00,chips,Auchan,2.6,2.83,8.71,14.5,Sep-2025,EUR
2025-06-07T19:43:00,chips,Auchan,2.6,2.82,8.33,14.5,Sep-2025,EUR
2025-06-28T18:39:00,chocolat,Auchan,2.62,2.83,7.86,14.5,Sep-2025,EUR
2025-06-21T10:38:00,chocolat,Auchan,2.62,2.83,7.86,14.5,Sep-2025,EUR
2025-06-12T20:12:00,creme,Auchan,3.22,3.47,7.82,14.5,Sep-2025,EUR
2025-06-06T08:22:00,creme,Auchan,3.22,3.48,8.13,14.5,Sep-2025,EUR
2025-06-10T16:54:00,creme,Auchan,3.22,3.52,9.37,14.5,Sep-2025,EUR
2025-06-17T09:40:00,creme,Auchan,3.22,3.5,8.75,14.5,Sep-2025,EUR
2025-06-13T14:15:00,epinards,Auchan,2.58,2.81,8.78,14.5,Sep-2025,EUR
2025-06-10T19:01:00,epinards,Auchan,2.58,2.8,8.39,14.5,Sep-2025,EUR
2025-06-28T09:50:00,epinards,Auchan,2.58,2.81,8.78,14.5,Sep-2025,EUR
2025-06-28T20:04:00,essuie-tout,Auchan,2.78,3.05,9.56,14.5,Sep-2025,EUR
2025-06-01T15:25:00,essuie-tout,Auchan,2.78,3.04,9.2,14.5,Sep-2025,EUR
2025-06-28T08:06:00,essuie-tout,Auchan,2.78,3.03,8.84,14.5,Sep-2025,EUR
2025-06-08T19:30:00,farine-de-ble,Auchan,1.29,1.42,10.11,14.5,Sep-2025,EUR
2025-06-09T20:11:00,farine-de-ble,Auchan,1.29,1.39,7.78,14.5,Sep-2025,EUR
2025-06-07T16:13:00,farine-de-ble,Auchan,1.29,1.41,9.33,14.5,Sep-2025,EUR
2025-06-12T15:44:00,fromage,Auchan,6.26,6.79,8.45,14.5,Sep-2025,EUR
2025-06-24T13:24:00,fromage,Auchan,6.26,6.82,8.93,14.5,Sep-2025,EUR
2025-06-19T09:50:00,fromage,Auchan,6.26,6.86,9.57,14.5,Sep-2025,EUR
2025-06-15T18:04:00,haricots,Auchan,3.14,3.44,9.45,14.5,Sep-2025,EUR
2025-06-10T20:18:00,haricots,Auchan,3.14,3.41,8.49,14.5,Sep-2025,EUR
2025-06-02T17:55:00,haricots,Auchan,3.14,3.44,9.45,14.5,Sep-2025,EUR
2025-06-05T20:50:00,haricotsverts,Auchan,2.93,3.16,7.99,14.5,Sep-2025,EUR
2025-06-19T16:24:00,haricotsverts,Auchan,2.93,3.17,8.33,14.5,Sep-2025,EUR
2025-06-19T10:10:00,haricotsverts,Auchan,2.93,3.21,9.7,14.5,Sep-2025,EUR
2025-06-28T09:09:00,haricotsverts,Auchan,2.93,3.16,7.99,14.5,Sep-2025,EUR
2025-06-16T19:50:00,huile,Auchan,6.26,6.82,8.86,14.5,Sep-2025,EUR
2025-06-05T15:29:00,huile,Auchan,6.26,6.79,8.39,14.5,Sep-2025,EUR
2025-06-05T11:08:00,huile,Auchan,6.26,6.87,9.66,14.5,Sep-2025,EUR
2025-06-10T19:43:00,infusion,Auchan,3.35,3.61,7.65,14.5,Sep-2025,EUR
2025-06-08T12:51:00,infusion,Auchan,3.35,3.66,9.14,14.5,Sep-2025,EUR
2025-06-24T11:21:00,infusion,Auchan,3.35,3.66,9.14,14.5,Sep-2025,EUR
2025-06-27T17:10:00,infusion,Auchan,3.35,3.68,9.74,14.5,Sep-2025,EUR
2025-06-15T19:56:00,jambon,Auchan,7.03,7.59,8.01,14.5,Sep-2025,EUR
2025-06-27T11:09:00,jambon,Auchan,7.03,7.65,8.87,14.5,Sep-2025,EUR
2025-06-01T09:01:00,jus,Auchan,3.36,3.64,8.18,14.5,Sep-2025,EUR
2025-06-16T09:57:00,jus,Auchan,3.36,3.68,9.37,14.5,Sep-2025,EUR
2025-06-22T08:50:00,ketchup,Auchan,1.96,2.13,8.57,14.5,Sep-2025,EUR
2025-06-07T19:30:00,ketchup,Auchan,1.96,2.15,9.59,14.5,Sep-2025,EUR
2025-06-22T19:16:00,ketchup,Auchan,1.96,2.12,8.06,14.5,Sep-2025,EUR
2025-06-12T13:19:00,lait entier,Auchan,1.67,1.84,9.95,14.5,Sep-2025,EUR
2025-06-10T08:26:00,lait entier,Auchan,1.67,1.82,8.76,14.5,Sep-2025,EUR
2025-06-26T19:20:00,laitue,Auchan,1.38,1.51,9.53,14.5,Sep-2025,EUR
2025-06-25T12:42:00,laitue,Auchan,1.38,1.51,9.53,14.5,Sep-2025,EUR
2025-06-21T20:42:00,laitue,Auchan,1.38,1.49,8.08,14.5,Sep-2025,EUR
2025-06-07T09:16:00,lave-vaiselle,Auchan,0.91,0.99,8.72,14.5,Sep-2025,EUR
2025-06-20T09:47:00,lave-vaiselle,Auchan,0.91,0.99,8.72,14.5,Sep-2025,EUR
2025-06-13T13:13:00,lave-vaiselle,Auchan,0.91,0.98,7.62,14.5,Sep-2025,EUR
2025-06-23T08:26:00,lave-vaiselle,Auchan,0.91,0.98,7.62,14.5,Sep-2025,EUR
2025-06-20T18:32:00,lessive,Auchan,3.33,3.63,9.11,14.5,Sep-2025,EUR
2025-06-02T12:41:00,lessive,Auchan,3.33,3.64,9.41,14.5,Sep-2025,EUR
2025-06-13T10:37:00,liquide-vaisselle,Auchan,0.72,0.79,9.33,14.5,Sep-2025,EUR
2025-06-11T11:07:00,liquide-vaisselle,Auchan,0.72,0.78,7.95,14.5,Sep-2025,EUR
2025-06-09T13:14:00,liquide-vaisselle,Auchan,0.72,0.78,7.95,14.5,Sep-2025,EUR
2025-06-03T10:22:00,liquide-vaisselle,Auchan,0.72,0.79,9.33,14.5,Sep-2025,EUR
2025-06-07T20:13:00,mayonnaise,Auchan,3.11,3.38,8.74,14.5,Sep-2025,EUR
2025-06-05T15:12:00,mayonnaise,Auchan,3.11,3.4,9.38,14.5,Sep-2025,EUR
2025-06-08T18:32:00,moutarde,Auchan,2.78,3.04,9.38,14.5,Sep-2025,EUR
2025-06-22T15:04:00,moutarde,Auchan,2.78,3.0,7.94,14.5,Sep-2025,EUR
2025-06-26T11:59:00,muesli-cereales,Auchan,3.25,3.54,8.79,14.5,Sep-2025,EUR
2025-06-12T16:28:00,muesli-cereales,Auchan,3.25,3.51,7.87,14.5,Sep-2025,EUR
2025-06-09T10:57:00,muesli-cereales,Auchan,3.25,3.52,8.18,14.5,Sep-2025,EUR
2025-06-14T17:52:00,nettoyant-liquide,Auchan,2.63,2.83,7.76,14.5,Sep-2025,EUR
2025-06-27T19:47:00,nettoyant-liquide,Auchan,2.63,2.86,8.91,14.5,Sep-2025,EUR
2025-06-27T13:49:00,nettoyant-liquide,Auchan,2.63,2.86,8.91,14.5,Sep-2025,EUR
2025-06-18T13:49:00,noix,Auchan,2.66,2.91,9.39,14.5,Sep-2025,EUR
2025-06-08T16:10:00,noix,Auchan,2.66,2.91,9.39,14.5,Sep-2025,EUR
2025-06-17T15:00:00,noix,Auchan,2.66,2.91,9.39,14.5,Sep-2025,EUR
2025-06-02T20:25:00,oeufs,Auchan,3.24,3.51,8.27,14.5,Sep-2025,EUR
2025-06-26T20:26:00,oeufs,Auchan,3.24,3.51,8.27,14.5,Sep-2025,EUR
2025-06-13T18:56:00,oeufs,Auchan,3.24,3.51,8.27,14.5,Sep-2025,EUR
2025-06-21T16:28:00,oignons,Auchan,2.98,3.27,9.74,14.5,Sep-2025,EUR
2025-06-17T16:07:00,oignons,Auchan,2.98,3.25,9.07,14.5,Sep-2025,EUR
2025-06-06T19:39:00,pan-de-mie,Auchan,2.71,2.95,8.84,14.5,Sep-2025,EUR
2025-06-23T10:35:00,pan-de-mie,Auchan,2.71,2.94,8.48,14.5,Sep-2025,EUR
2025-06-12T18:31:00,papier-toilette,Auchan,2.74,2.98,8.87,14.5,Sep-2025,EUR
2025-06-06T17:36:00,papier-toilette,Auchan,2.74,2.99,9.24,14.5,Sep-2025,EUR
2025-06-14T17:56:00,papier-toilette,Auchan,2.74,2.98,8.87,14.5,Sep-2025,EUR
2025-06-25T11:47:00,papier-toilette,Auchan,2.74,2.99,9.24,14.5,Sep-2025,EUR
2025-06-02T17:46:00,pasta,Auchan,2.79,3.01,8.0,14.5,Sep-2025,EUR
2025-06-02T20:49:00,pasta,Auchan,2.79,3.03,8.72,14.5,Sep-2025,EUR
2025-06-28T19:16:00,pates,Auchan,3.09,3.37,9.07,14.5,Sep-2025,EUR
2025-06-07T12:14:00,pates,Auchan,3.09,3.37,9.07,14.5,Sep-2025,EUR
2025-06-26T10:39:00,pates,Auchan,3.09,3.37,9.07,14.5,Sep-2025,EUR
2025-06-23T17:07:00,pates,Auchan,3.09,3.34,8.1,14.5,Sep-2025,EUR
2025-06-17T13:06:00,petits-pois,Auchan,2.91,3.16,8.59,14.5,Sep-2025,EUR
2025-06-09T20:51:00,petits-pois,Auchan,2.91,3.18,9.28,14.5,Sep-2025,EUR
2025-06-13T17:19:00,petits-pois,Auchan,2.91,3.17,8.93,14.5,Sep-2025,EUR
2025-06-20T15:08:00,pois-chiches,Auchan,3.29,3.59,9.1,14.5,Sep-2025,EUR
2025-06-21T20:50:00,pois-chiches,Auchan,3.29,3.56,8.19,14.5,Sep-2025,EUR
2025-06-27T12:26:00,poitrine,Auchan,3.47,3.79,9.18,14.5,Sep-2025,EUR
2025-06-15T09:24:00,poitrine,Auchan,3.47,3.76,8.32,14.5,Sep-2025,EUR
2025-06-14T11:56:00,pommedeterre,Auchan,2.69,2.94,9.34,14.5,Sep-2025,EUR
2025-06-25T17:10:00,pommedeterre,Auchan,2.69,2.95,9.71,14.5,Sep-2025,EUR
2025-06-15T08:47:00,porc,Auchan,2.88,3.11,8.07,14.5,Sep-2025,EUR
2025-06-02T10:50:00,porc,Auchan,2.88,3.11,8.07,14.5,Sep-2025,EUR
2025-06-01T16:02:00,porc,Auchan,2.88,3.14,9.11,14.5,Sep-2025,EUR
2025-06-13T17:25:00,porc,Auchan,2.88,3.1,7.72,14.5,Sep-2025,EUR
2025-06-13T10:16:00,poulet,Auchan,3.17,3.45,8.87,14.5,Sep-2025,EUR
2025-06-11T18:27:00,poulet,Auchan,3.17,3.47,9.5,14.5,Sep-2025,EUR
2025-06-12T19:25:00,poulet,Auchan,3.17,3.48,9.82,14.5,Sep-2025,EUR
2025-06-01T08:18:00,poulet,Auchan,3.17,3.47,9.5,14.5,Sep-2025,EUR
2025-06-11T15:18:00,sauce-tomate,Auchan,1.6,1.76,9.93,14.5,Sep-2025,EUR
2025-06-19T18:02:00,sauce-tomate,Auchan,1.6,1.74,8.68,14.5,Sep-2025,EUR
2025-06-10T08:13:00,sauce-tomate,Auchan,1.6,1.73,8.05,14.5,Sep-2025,EUR
2025-06-25T19:38:00,sauce-tomate,Auchan,1.6,1.74,8.68,14.5,Sep-2025,EUR
2025-06-22T16:21:00,saucisse,Auchan,5.18,5.58,7.64,14.5,Sep-2025,EUR
2025-06-15T16:23:00,saucisse,Auchan,5.18,5.61,8.22,14.5,Sep-2025,EUR
2025-06-17T17:21:00,saucisse,Auchan,5.18,5.66,9.18,14.5,Sep-2025,EUR
2025-06-13T18:22:00,saucisse,Auchan,5.18,5.66,9.18,14.5,Sep-2025,EUR
2025-06-10T11:37:00,sel-de-mer,Auchan,1.0,1.08,8.33,14.5,Sep-2025,EUR
2025-06-16T10:57:00,sel-de-mer,Auchan,1.0,1.08,8.33,14.5,Sep-2025,EUR
2025-06-15T08:04:00,sel-de-mer,Auchan,1.0,1.09,9.34,14.5,Sep-2025,EUR
2025-06-20T10:35:00,sirop,Auchan,2.84,3.08,8.51,14.5,Sep-2025,EUR
2025-06-18T10:22:00,sirop,Auchan,2.84,3.07,8.15,14.5,Sep-2025,EUR
2025-06-02T18:30:00,sirop,Auchan,2.84,3.1,9.21,14.5,Sep-2025,EUR
2025-06-24T18:50:00,the,Auchan,2.61,2.82,8.02,14.5,Sep-2025,EUR
2025-06-14T16:46:00,the,Auchan,2.61,2.83,8.41,14.5,Sep-2025,EUR
2025-06-09T19:47:00,the,Auchan,2.61,2.85,9.17,14.5,Sep-2025,EUR
2025-06-01T16:27:00,thon,Auchan,3.11,3.41,9.49,14.5,Sep-2025,EUR
2025-06-20T08:24:00,thon,Auchan,3.11,3.39,8.85,14.5,Sep-2025,EUR
2025-06-05T12:11:00,thon,Auchan,3.11,3.41,9.49,14.5,Sep-2025,EUR
2025-06-07T18:17:00,thon,Auchan,3.11,3.4,9.17,14.5,Sep-2025,EUR
2025-06-14T16:27:00,tomacouli,Auchan,3.36,3.65,8.66,14.5,Sep-2025,EUR
2025-06-07T18:36:00,tomacouli,Auchan,3.36,3.66,8.96,14.5,Sep-2025,EUR
2025-06-05T12:33:00,tomacouli,Auchan,3.36,3.65,8.66,14.5,Sep-2025,EUR
2025-06-20T14:01:00,tomates,Auchan,2.72,2.95,8.47,14.5,Sep-2025,EUR
2025-06-18T11:05:00,tomates,Auchan,2.72,2.97,9.21,14.5,Sep-2025,EUR
2025-06-28T10:49:00,tomates,Auchan,2.72,2.96,8.84,14.5,Sep-2025,EUR
2025-06-18T16:52:00,viande-bovine,Auchan,8.91,9.71,8.95,14.5,Sep-2025,EUR
2025-06-16T11:35:00,viande-bovine,Auchan,8.91,9.76,9.52,14.5,Sep-2025,EUR
2025-06-20T08:54:00,vinaigre,Auchan,1.94,2.13,9.67,14.5,Sep-2025,EUR
2025-06-05T14:20:00,vinaigre,Auchan,1.94,2.11,8.64,14.5,Sep-2025,EUR
2025-06-03T20:15:00,vinaigre,Auchan,1.94,2.13,9.67,14.5,Sep-2025,EUR
2025-06-03T08:50:00,yaourt,Auchan,2.54,2.74,8.03,14.5,Sep-2025,EUR
2025-06-15T16:43:00,yaourt,Auchan,2.54,2.77,9.22,14.5,Sep-2025,EUR
2025-06-21T09:16:00,yaourt,Auchan,2.54,2.77,9.22,14.5,Sep-2025,EUR
2025-07-07T12:43:00,ail,Auchan,2.38,2.64,10.86,16.4,Oct-2025,EUR
2025-07-02T20:36:00,ail,Auchan,2.38,2.64,10.86,16.4,Oct-2025,EUR
2025-07-22T08:14:00,ail,Auchan,2.38,2.63,10.44,16.4,Oct-2025,EUR
2025-07-13T20:44:00,bacon,Auchan,7.33,8.16,11.34,16.4,Oct-2025,EUR
2025-07-13T13:54:00,bacon,Auchan,7.33,8.12,10.8,16.4,Oct-2025,EUR
2025-07-02T10:31:00,beurre,Auchan,4.47,4.95,10.68,16.4,Oct-2025,EUR
2025-07-11T17:13:00,beurre,Auchan,4.47,4.95,10.68,16.4,Oct-2025,EUR
2025-07-02T17:01:00,beurre,Auchan,4.47,4.95,10.68,16.4,Oct-2025,EUR
2025-07-15T19:30:00,beurre,Auchan,4.47,4.96,10.9,16.4,Oct-2025,EUR
2025-07-03T09:34:00,biscuits,Auchan,3.2,3.51,9.71,16.4,Oct-2025,EUR
2025-07-07T13:50:00,biscuits,Auchan,3.2,3.52,10.02,16.4,Oct-2025,EUR
2025-07-06T14:56:00,biscuits,Auchan,3.2,3.57,11.58,16.4,Oct-2025,EUR
2025-07-15T18:09:00,biscuits,Auchan,3.2,3.56,11.27,16.4,Oct-2025,EUR
2025-07-24T12:18:00,bonbons,Auchan,3.32,3.69,11.27,16.4,Oct-2025,EUR
2025-07-20T09:48:00,bonbons,Auchan,3.32,3.69,11.27,16.4,Oct-2025,EUR
2025-07-15T19:47:00,bonbons,Auchan,3.32,3.67,10.67,16.4,Oct-2025,EUR
2025-07-17T09:18:00,bonbons,Auchan,3.32,3.69,11.27,16.4,Oct-2025,EUR
2025-07-27T19:12:00,cacahuetes,Auchan,3.92,4.33,10.57,16.4,Oct-2025,EUR
2025-07-06T19:54:00,cacahuetes,Auchan,3.92,4.37,11.59,16.4,Oct-2025,EUR
2025-07-23T16:56:00,cacahuetes,Auchan,3.92,4.29,9.55,16.4,Oct-2025,EUR
2025-07-05T12:46:00,cacahuetes,Auchan,3.92,4.33,10.57,16.4,Oct-2025,EUR
2025-07-23T09:57:00,cafe,Auchan,4.11,4.56,10.97,16.4,Oct-2025,EUR
2025-07-21T19:08:00,cafe,Auchan,4.11,4.52,9.99,16.4,Oct-2025,EUR
2025-07-11T10:47:00,cafe,Auchan,4.11,4.5,9.51,16.4,Oct-2025,EUR
2025-07-13T20:04:00,carrots,Auchan,2.22,2.47,11.36,16.4,Oct-2025,EUR
2025-07-05T19:57:00,carrots,Auchan,2.22,2.43,9.56,16.4,Oct-2025,EUR
2025-07-24T16:13:00,carrots,Auchan,2.22,2.47,11.36,16.4,Oct-2025,EUR
2025-07-08T10:09:00,chips,Auchan,2.41,2.68,11.26,16.4,Oct-2025,EUR
2025-07-22T09:55:00,chips,Auchan,2.41,2.66,10.43,16.4,Oct-2025,EUR
2025-07-07T11:40:00,chips,Auchan,2.41,2.65,10.02,16.4,Oct-2025,EUR
2025-07-03T14:50:00,chips,Auchan,2.41,2.67,10.85,16.4,Oct-2025,EUR
2025-07-22T20:51:00,chocolat,Auchan,3.34,3.66,9.66,16.4,Oct-2025,EUR
2025-07-04T08:22:00,chocolat,Auchan,3.34,3.67,9.96,16.4,Oct-2025,EUR
2025-07-15T10:50:00,creme,Auchan,2.92,3.2,9.59,16.4,Oct-2025,EUR
2025-07-19T16:37:00,creme,Auchan,2.92,3.21,9.93,16.4,Oct-2025,EUR
2025-07-13T14:28:00,epinards,Auchan,2.24,2.49,11.38,16.4,Oct-2025,EUR
2025-07-17T08:44:00,epinards,Auchan,2.24,2.46,10.04,16.4,Oct-2025,EUR
2025-07-16T20:32:00,epinards,Auchan,2.24,2.5,11.83,16.4,Oct-2025,EUR
2025-07-10T16:25:00,essuie-tout,Auchan,3.13,3.49,11.6,16.4,Oct-2025,EUR
2025-07-28T13:08:00,essuie-tout,Auchan,3.13,3.48,11.28,16.4,Oct-2025,EUR
2025-07-06T19:59:00,farine-de-ble,Auchan,1.6,1.78,11.25,16.4,Oct-2025,EUR
2025-07-24T11:20:00,farine-de-ble,Auchan,1.6,1.76,10.0,16.4,Oct-2025,EUR
2025-07-01T14:36:00,fromage,Auchan,5.9,6.57,11.3,16.4,Oct-2025,EUR
2025-07-20T12:43:00,fromage,Auchan,5.9,6.55,10.96,16.4,Oct-2025,EUR
2025-07-12T13:06:00,haricots,Auchan,3.02,3.35,10.85,16.4,Oct-2025,EUR
2025-07-04T13:07:00,haricots,Auchan,3.02,3.35,10.85,16.4,Oct-2025,EUR
2025-07-26T10:55:00,haricots,Auchan,3.02,3.37,11.51,16.4,Oct-2025,EUR
2025-07-22T08:48:00,haricotsverts,Auchan,2.74,3.02,10.03,16.4,Oct-2025,EUR
2025-07-19T10:51:00,haricotsverts,Auchan,2.74,3.03,10.4,16.4,Oct-2025,EUR
2025-07-28T19:18:00,haricotsverts,Auchan,2.74,3.01,9.67,16.4,Oct-2025,EUR
2025-07-09T13:17:00,huile,Auchan,6.2,6.8,9.73,16.4,Oct-2025,EUR
2025-07-21T12:57:00,huile,Auchan,6.2,6.8,9.73,16.4,Oct-2025,EUR
2025-07-04T19:04:00,infusion,Auchan,3.36,3.73,10.96,16.4,Oct-2025,EUR
2025-07-20T16:10:00,infusion,Auchan,3.36,3.69,9.77,16.4,Oct-2025,EUR
2025-07-19T11:20:00,jambon,Auchan,6.74,7.45,10.6,16.4,Oct-2025,EUR
2025-07-04T19:13:00,jambon,Auchan,6.74,7.42,10.16,16.4,Oct-2025,EUR
2025-07-22T13:38:00,jambon,Auchan,6.74,7.43,10.31,16.4,Oct-2025,EUR
2025-07-25T12:05:00,jambon,Auchan,6.74,7.47,10.9,16.4,Oct-2025,EUR
2025-07-02T17:38:00,jus,Auchan,3.34,3.68,10.15,16.4,Oct-2025,EUR
2025-07-01T20:27:00,jus,Auchan,3.34,3.7,10.74,16.4,Oct-2025,EUR
2025-07-10T20:39:00,ketchup,Auchan,1.9,2.11,10.88,16.4,Oct-2025,EUR
2025-07-10T18:11:00,ketchup,Auchan,1.9,2.12,11.4,16.4,Oct-2025,EUR
2025-07-27T19:13:00,lait entier,Auchan,1.66,1.84,11.1,16.4,Oct-2025,EUR
2025-07-08T14:10:00,lait entier,Auchan,1.66,1.83,10.5,16.4,Oct-2025,EUR
2025-07-19T19:58:00,laitue,Auchan,1.49,1.63,9.76,16.4,Oct-2025,EUR
2025-07-13T10:15:00,laitue,Auchan,1.49,1.63,9.76,16.4,Oct-2025,EUR
2025-07-16T20:06:00,laitue,Auchan,1.49,1.64,10.43,16.4,Oct-2025,EUR
2025-07-22T19:55:00,laitue,Auchan,1.49,1.64,10.43,16.4,Oct-2025,EUR
2025-07-21T10:23:00,lave-vaiselle,Auchan,0.86,0.95,10.43,16.4,Oct-2025,EUR
2025-07-04T10:36:00,lave-vaiselle,Auchan,0.86,0.96,11.59,16.4,Oct-2025,EUR
2025-07-19T19:53:00,lave-vaiselle,Auchan,0.86,0.96,11.59,16.4,Oct-2025,EUR
2025-07-28T19:56:00,lave-vaiselle,Auchan,0.86,0.94,9.27,16.4,Oct-2025,EUR
2025-07-12T08:35:00,lessive,Auchan,3.35,3.69,9.99,16.4,Oct-2025,EUR
2025-07-23T15:56:00,lessive,Auchan,3.35,3.72,10.88,16.4,Oct-2025,EUR
2025-07-27T12:05:00,lessive,Auchan,3.35,3.74,11.48,16.4,Oct-2025,EUR
2025-07-03T09:19:00,lessive,Auchan,3.35,3.73,11.18,16.4,Oct-2025,EUR
2025-07-22T17:22:00,liquide-vaisselle,Auchan,0.97,1.07,10.55,16.4,Oct-2025,EUR
2025-07-05T10:18:00,liquide-vaisselle,Auchan,0.97,1.07,10.55,16.4,Oct-2025,EUR
2025-07-09T19:17:00,liquide-vaisselle,Auchan,0.97,1.07,10.55,16.4,Oct-2025,EUR
2025-07-08T17:24:00,liquide-vaisselle,Auchan,0.97,1.08,11.59,16.4,Oct-2025,EUR
2025-07-24T14:57:00,mayonnaise,Auchan,3.05,3.37,10.56,16.4,Oct-2025,EUR
2025-07-24T13:34:00,mayonnaise,Auchan,3.05,3.36,10.24,16.4,Oct-2025,EUR
2025-07-04T09:24:00,mayonnaise,Auchan,3.05,3.36,10.24,16.4,Oct-2025,EUR
2025-07-08T12:07:00,mayonnaise,Auchan,3.05,3.36,10.24,16.4,Oct-2025,EUR
2025-07-04T10:32:00,moutarde,Auchan,3.34,3.69,10.35,16.4,Oct-2025,EUR
2025-07-27T13:04:00,moutarde,Auchan,3.34,3.66,9.46,16.4,Oct-2025,EUR
2025-07-25T19:53:00,moutarde,Auchan,3.34,3.71,10.95,16.4,Oct-2025,EUR
2025-07-23T19:34:00,moutarde,Auchan,3.34,3.68,10.06,16.4,Oct-2025,EUR
2025-07-09T08:36:00,muesli-cereales,Auchan,2.5,2.77,10.98,16.4,Oct-2025,EUR
2025-07-23T09:22:00,muesli-cereales,Auchan,2.5,2.77,10.98,16.4,Oct-2025,EUR
2025-07-17T18:53:00,muesli-cereales,Auchan,2.5,2.78,11.38,16.4,Oct-2025,EUR
2025-07-20T13:11:00,nettoyant-liquide,Auchan,2.94,3.27,11.18,16.4,Oct-2025,EUR
2025-07-16T18:58:00,nettoyant-liquide,Auchan,2.94,3.25,10.5,16.4,Oct-2025,EUR
2025-07-06T18:54:00,nettoyant-liquide,Auchan,2.94,3.26,10.84,16.4,Oct-2025,EUR
2025-07-11T08:00:00,nettoyant-liquide,Auchan,2.94,3.28,11.52,16.4,Oct-2025,EUR
2025-07-18T19:12:00,noix,Auchan,2.55,2.82,10.74,16.4,Oct-2025,EUR
2025-07-26T13:17:00,noix,Auchan,2.55,2.79,9.57,16.4,Oct-2025,EUR
2025-07-18T20:32:00,oeufs,Auchan,3.78,4.2,11.17,16.4,Oct-2025,EUR
2025-07-19T12:11:00,oeufs,Auchan,3.78,4.21,11.44,16.4,Oct-2025,EUR
2025-07-21T09:58:00,oeufs,Auchan,3.78,4.16,10.11,16.4,Oct-2025,EUR
2025-07-05T16:23:00,oeufs,Auchan,3.78,4.2,11.17,16.4,Oct-2025,EUR
2025-07-04T11:10:00,oignons,Auchan,2.68,2.96,10.38,16.4,Oct-2025,EUR
2025-07-08T08:47:00,oignons,Auchan,2.68,2.99,11.5,16.4,Oct-2025,EUR
2025-07-22T13:42:00,oignons,Auchan,2.68,2.99,11.5,16.4,Oct-2025,EUR
2025-07-16T16:34:00,pan-de-mie,Auchan,2.82,3.13,11.19,16.4,Oct-2025,EUR
2025-07-15T16:39:00,pan-de-mie,Auchan,2.82,3.1,10.12,16.4,Oct-2025,EUR
2025-07-20T19:57:00,pan-de-mie,Auchan,2.82,3.09,9.77,16.4,Oct-2025,EUR
2025-07-24T15:33:00,pan-de-mie,Auchan,2.82,3.09,9.77,16.4,Oct-2025,EUR
2025-07-11T12:28:00,papier-toilette,Auchan,3.0,3.31,10.3,16.4,Oct-2025,EUR
2025-07-09T11:05:00,papier-toilette,Auchan,3.0,3.32,10.63,16.4,Oct-2025,EUR
2025-07-04T20:22:00,papier-toilette,Auchan,3.0,3.33,10.96,16.4,Oct-2025,EUR
2025-07-24T12:17:00,papier-toilette,Auchan,3.0,3.29,9.63,16.4,Oct-2025,EUR
2025-07-09T12:42:00,pasta,Auchan,3.45,3.85,11.64,16.4,Oct-2025,EUR
2025-07-02T11:09:00,pasta,Auchan,3.45,3.8,10.19,16.4,Oct-2025,EUR
2025-07-22T13:21:00,pasta,Auchan,3.45,3.85,11.64,16.4,Oct-2025,EUR
2025-07-13T19:44:00,pasta,Auchan,3.45,3.79,9.9,16.4,Oct-2025,EUR
2025-07-26T18:16:00,pates,Auchan,3.47,3.83,10.34,16.4,Oct-2025,EUR
2025-07-13T13:01:00,pates,Auchan,3.47,3.82,10.05,16.4,Oct-2025,EUR
2025-07-10T19:28:00,pates,Auchan,3.47,3.83,10.34,16.4,Oct-2025,EUR
2025-07-07T18:15:00,petits-pois,Auchan,3.21,3.54,10.38,16.4,Oct-2025,EUR
2025-07-16T16:36:00,petits-pois,Auchan,3.21,3.56,11.01,16.4,Oct-2025,EUR
2025-07-21T20:55:00,petits-pois,Auchan,3.21,3.55,10.69,16.4,Oct-2025,EUR
2025-07-09T13:34:00,pois-chiches,Auchan,2.72,3.04,11.7,16.4,Oct-2025,EUR
2025-07-15T20:53:00,pois-chiches,Auchan,2.72,2.98,9.49,16.4,Oct-2025,EUR
2025-07-09T17:42:00,pois-chiches,Auchan,2.72,3.03,11.33,16.4,Oct-2025,EUR
2025-07-26T15:31:00,pois-chiches,Auchan,2.72,3.0,10.23,16.4,Oct-2025,EUR
2025-07-23T19:30:00,poitrine,Auchan,3.29,3.62,10.14,16.4,Oct-2025,EUR
2025-07-24T16:02:00,poitrine,Auchan,3.29,3.61,9.83,16.4,Oct-2025,EUR
2025-07-11T08:16:00,poitrine,Auchan,3.29,3.66,11.36,16.4,Oct-2025,EUR
2025-07-13T17:56:00,poitrine,Auchan,3.29,3.65,11.05,16.4,Oct-2025,EUR
2025-07-08T09:25:00,pommedeterre,Auchan,2.89,3.22,11.44,16.4,Oct-2025,EUR
2025-07-22T18:27:00,pommedeterre,Auchan,2.89,3.18,10.05,16.4,Oct-2025,EUR
2025-07-21T15:31:00,pommedeterre,Auchan,2.89,3.22,11.44,16.4,Oct-2025,EUR
2025-07-27T14:49:00,pommedeterre,Auchan,2.89,3.17,9.71,16.4,Oct-2025,EUR
2025-07-28T18:05:00,porc,Auchan,3.37,3.72,10.42,16.4,Oct-2025,EUR
2025-07-09T20:06:00,porc,Auchan,3.37,3.71,10.13,16.4,Oct-2025,EUR
2025-07-16T11:28:00,porc,Auchan,3.37,3.71,10.13,16.4,Oct-2025,EUR
2025-07-18T17:56:00,poulet,Auchan,2.67,2.94,10.17,16.4,Oct-2025,EUR
2025-07-26T16:25:00,poulet,Auchan,2.67,2.94,10.17,16.4,Oct-2025,EUR
2025-07-18T10:15:00,sauce-tomate,Auchan,1.36,1.49,9.68,16.4,Oct-2025,EUR
2025-07-06T11:07:00,sauce-tomate,Auchan,1.36,1.51,11.15,16.4,Oct-2025,EUR
2025-07-16T08:38:00,sauce-tomate,Auchan,1.36,1.5,10.41,16.4,Oct-2025,EUR
2025-07-02T19:06:00,sauce-tomate,Auchan,1.36,1.49,9.68,16.4,Oct-2025,EUR
2025-07-05T14:28:00,saucisse,Auchan,4.81,5.28,9.78,16.4,Oct-2025,EUR
2025-07-20T08:40:00,saucisse,Auchan,4.81,5.35,11.24,16.4,Oct-2025,EUR
2025-07-01T20:59:00,sel-de-mer,Auchan,1.03,1.14,10.19,16.4,Oct-2025,EUR
2025-07-05T17:57:00,sel-de-mer,Auchan,1.03,1.15,11.16,16.4,Oct-2025,EUR
2025-07-06T20:14:00,sirop,Auchan,2.55,2.84,11.48,16.4,Oct-2025,EUR
2025-07-03T08:43:00,sirop,Auchan,2.55,2.83,11.09,16.4,Oct-2025,EUR
2025-07-28T20:51:00,sirop,Auchan,2.55,2.84,11.48,16.4,Oct-2025,EUR
2025-07-06T16:33:00,sirop,Auchan,2.55,2.8,9.91,16.4,Oct-2025,EUR
2025-07-18T18:22:00,the,Auchan,2.56,2.84,10.93,16.4,Oct-2025,EUR
2025-07-02T17:50:00,the,Auchan,2.56,2.84,10.93,16.4,Oct-2025,EUR
2025-07-16T16:19:00,thon,Auchan,3.08,3.37,9.42,16.4,Oct-2025,EUR
2025-07-23T12:54:00,thon,Auchan,3.08,3.41,10.72,16.4,Oct-2025,EUR
2025-07-09T18:00:00,thon,Auchan,3.08,3.4,10.4,16.4,Oct-2025,EUR
2025-07-15T08:02:00,thon,Auchan,3.08,3.41,10.72,16.4,Oct-2025,EUR
2025-07-24T12:11:00,tomacouli,Auchan,2.52,2.76,9.73,16.4,Oct-2025,EUR
2025-07-11T17:09:00,tomacouli,Auchan,2.52,2.77,10.12,16.4,Oct-2025,EUR
2025-07-22T17:59:00,tomacouli,Auchan,2.52,2.79,10.92,16.4,Oct-2025,EUR
2025-07-23T15:31:00,tomacouli,Auchan,2.52,2.77,10.12,16.4,Oct-2025,EUR
2025-07-19T10:13:00,tomates,Auchan,2.8,3.09,10.43,16.4,Oct-2025,EUR
2025-07-13T16:12:00,tomates,Auchan,2.8,3.09,10.43,16.4,Oct-2025,EUR
2025-07-02T12:25:00,tomates,Auchan,2.8,3.11,11.15,16.4,Oct-2025,EUR
2025-07-04T14:26:00,tomates,Auchan,2.8,3.1,10.79,16.4,Oct-2025,EUR
2025-07-05T11:10:00,viande-bovine,Auchan,8.98,9.97,11.08,16.4,Oct-2025,EUR
2025-07-17T11:31:00,viande-bovine,Auchan,8.98,9.86,9.86,16.4,Oct-2025,EUR
2025-07-23T20:18:00,vinaigre,Auchan,2.28,2.52,10.49,16.4,Oct-2025,EUR
2025-07-03T08:02:00,vinaigre,Auchan,2.28,2.53,10.92,16.4,Oct-2025,EUR
2025-07-08T16:07:00,yaourt,Auchan,3.38,3.72,9.96,16.4,Oct-2025,EUR
2025-07-05T19:29:00,yaourt,Auchan,3.38,3.73,10.26,16.4,Oct-2025,EUR
2025-07-19T11:41:00,yaourt,Auchan,3.38,3.74,10.55,16.4,Oct-2025,EUR
2025-07-01T08:48:00,yaourt,Auchan,3.38,3.74,10.55,16.4,Oct-2025,EUR
2025-08-02T20:12:00,ail,Auchan,2.35,2.64,12.44,18.5,Nov-2025,EUR
2025-08-28T12:04:00,ail,Auchan,2.35,2.63,12.01,18.5,Nov-2025,EUR
2025-08-19T14:04:00,bacon,Auchan,7.76,8.8,13.35,18.5,Nov-2025,EUR
2025-08-07T16:37:00,bacon,Auchan,7.76,8.81,13.48,18.5,Nov-2025,EUR
2025-08-13T20:08:00,bacon,Auchan,7.76,8.82,13.6,18.5,Nov-2025,EUR
2025-08-22T20:04:00,bacon,Auchan,7.76,8.71,12.19,18.5,Nov-2025,EUR
2025-08-04T09:05:00,beurre,Auchan,4.36,4.94,13.32,18.5,Nov-2025,EUR
2025-08-26T15:50:00,beurre,Auchan,4.36,4.92,12.86,18.5,Nov-2025,EUR
2025-08-23T15:32:00,beurre,Auchan,4.36,4.94,13.32,18.5,Nov-2025,EUR
2025-08-14T10:31:00,biscuits,Auchan,2.82,3.16,12.18,18.5,Nov-2025,EUR
2025-08-18T08:23:00,biscuits,Auchan,2.82,3.2,13.6,18.5,Nov-2025,EUR
2025-08-03T16:45:00,biscuits,Auchan,2.82,3.15,11.82,18.5,Nov-2025,EUR
2025-08-18T17:04:00,biscuits,Auchan,2.82,3.2,13.6,18.5,Nov-2025,EUR
2025-08-20T13:48:00,bonbons,Auchan,3.31,3.75,13.39,18.5,Nov-2025,EUR
2025-08-25T09:51:00,bonbons,Auchan,3.31,3.69,11.57,18.5,Nov-2025,EUR
2025-08-04T11:31:00,bonbons,Auchan,3.31,3.73,12.78,18.5,Nov-2025,EUR
2025-08-08T13:36:00,bonbons,Auchan,3.31,3.75,13.39,18.5,Nov-2025,EUR
2025-08-18T20:33:00,cacahuetes,Auchan,4.21,4.75,12.81,18.5,Nov-2025,EUR
2025-08-25T18:33:00,cacahuetes,Auchan,4.21,4.76,13.04,18.5,Nov-2025,EUR
2025-08-03T11:52:00,cafe,Auchan,3.95,4.42,11.97,18.5,Nov-2025,EUR
2025-08-11T19:08:00,cafe,Auchan,3.95,4.41,11.71,18.5,Nov-2025,EUR
2025-08-27T10:24:00,cafe,Auchan,3.95,4.42,11.97,18.5,Nov-2025,EUR
2025-08-13T14:49:00,carrots,Auchan,1.77,2.0,13.01,18.5,Nov-2025,EUR
2025-08-23T14:04:00,carrots,Auchan,1.77,1.98,11.88,18.5,Nov-2025,EUR
2025-08-06T14:36:00,carrots,Auchan,1.77,1.99,12.45,18.5,Nov-2025,EUR
2025-08-05T13:10:00,chips,Auchan,2.79,3.15,13.02,18.5,Nov-2025,EUR
2025-08-24T16:47:00,chips,Auchan,2.79,3.15,13.02,18.5,Nov-2025,EUR
2025-08-08T11:03:00,chips,Auchan,2.79,3.15,13.02,18.5,Nov-2025,EUR
2025-08-02T13:24:00,chocolat,Auchan,2.82,3.17,12.27,18.5,Nov-2025,EUR
2025-08-13T14:17:00,chocolat,Auchan,2.82,3.17,12.27,18.5,Nov-2025,EUR
2025-08-04T11:53:00,creme,Auchan,2.92,3.29,12.86,18.5,Nov-2025,EUR
2025-08-24T19:04:00,creme,Auchan,2.92,3.29,12.86,18.5,Nov-2025,EUR
2025-08-15T12:13:00,creme,Auchan,2.92,3.27,12.17,18.5,Nov-2025,EUR
2025-08-04T18:07:00,epinards,Auchan,2.51,2.84,13.37,18.5,Nov-2025,EUR
2025-08-27T14:03:00,epinards,Auchan,2.51,2.85,13.77,18.5,Nov-2025,EUR
2025-08-19T08:23:00,essuie-tout,Auchan,3.16,3.54,12.18,18.5,Nov-2025,EUR
2025-08-17T14:18:00,essuie-tout,Auchan,3.16,3.57,13.13,18.5,Nov-2025,EUR
2025-08-25T20:34:00,essuie-tout,Auchan,3.16,3.54,12.18,18.5,Nov-2025,EUR
2025-08-08T11:27:00,essuie-tout,Auchan,3.16,3.52,11.55,18.5,Nov-2025,EUR
2025-08-18T08:17:00,farine-de-ble,Auchan,1.22,1.38,12.68,18.5,Nov-2025,EUR
2025-08-06T18:58:00,farine-de-ble,Auchan,1.22,1.38,12.68,18.5,Nov-2025,EUR
2025-08-18T13:56:00,farine-de-ble,Auchan,1.22,1.39,13.5,18.5,Nov-2025,EUR
2025-08-27T19:19:00,farine-de-ble,Auchan,1.22,1.37,11.87,18.5,Nov-2025,EUR
2025-08-02T14:24:00,fromage,Auchan,5.75,6.52,13.38,18.5,Nov-2025,EUR
2025-08-27T11:03:00,fromage,Auchan,5.75,6.43,11.81,18.5,Nov-2025,EUR
2025-08-09T12:24:00,haricots,Auchan,2.91,3.26,12.1,18.5,Nov-2025,EUR
2025-08-13T18:29:00,haricots,Auchan,2.91,3.25,11.76,18.5,Nov-2025,EUR
2025-08-10T18:58:00,haricotsverts,Auchan,3.25,3.64,12.14,18.5,Nov-2025,EUR
2025-08-16T18:10:00,haricotsverts,Auchan,3.25,3.64,12.14,18.5,Nov-2025,EUR
2025-08-20T16:12:00,haricotsverts,Auchan,3.25,3.64,12.14,18.5,Nov-2025,EUR
2025-08-05T13:30:00,haricotsverts,Auchan,3.25,3.68,13.38,18.5,Nov-2025,EUR
2025-08-12T11:02:00,huile,Auchan,6.2,6.96,12.34,18.5,Nov-2025,EUR
2025-08-13T19:43:00,huile,Auchan,6.2,6.95,12.18,18.5,Nov-2025,EUR
2025-08-16T17:26:00,huile,Auchan,6.2,7.04,13.63,18.5,Nov-2025,EUR
2025-08-18T09:32:00,huile,Auchan,6.2,7.0,12.99,18.5,Nov-2025,EUR
2025-08-04T17:05:00,infusion,Auchan,3.67,4.1,11.74,18.5,Nov-2025,EUR
2025-08-26T08:15:00,infusion,Auchan,3.67,4.15,13.1,18.5,Nov-2025,EUR
2025-08-18T16:48:00,infusion,Auchan,3.67,4.11,12.01,18.5,Nov-2025,EUR
2025-08-22T13:48:00,infusion,Auchan,3.67,4.09,11.47,18.5,Nov-2025,EUR
2025-08-01T19:46:00,jambon,Auchan,7.19,8.13,13.06,18.5,Nov-2025,EUR
2025-08-15T17:01:00,jambon,Auchan,7.19,8.14,13.19,18.5,Nov-2025,EUR
2025-08-09T18:11:00,jus,Auchan,3.57,4.03,12.95,18.5,Nov-2025,EUR
2025-08-08T18:52:00,jus,Auchan,3.57,4.06,13.79,18.5,Nov-2025,EUR
2025-08-26T09:57:00,ketchup,Auchan,2.36,2.67,12.9,18.5,Nov-2025,EUR
2025-08-02T10:00:00,ketchup,Auchan,2.36,2.67,12.9,18.5,Nov-2025,EUR
2025-08-16T10:27:00,lait entier,Auchan,1.66,1.86,11.98,18.5,Nov-2025,EUR
2025-08-11T19:57:00,lait entier,Auchan,1.66,1.89,13.79,18.5,Nov-2025,EUR
2025-08-08T15:16:00,lait entier,Auchan,1.66,1.86,11.98,18.5,Nov-2025,EUR
2025-08-10T16:26:00,lait entier,Auchan,1.66,1.86,11.98,18.5,Nov-2025,EUR
2025-08-05T09:54:00,laitue,Auchan,1.27,1.42,12.04,18.5,Nov-2025,EUR
2025-08-27T09:29:00,laitue,Auchan,1.27,1.43,12.83,18.5,Nov-2025,EUR
2025-08-18T11:10:00,laitue,Auchan,1.27,1.42,12.04,18.5,Nov-2025,EUR
2025-08-19T14:38:00,laitue,Auchan,1.27,1.43,12.83,18.5,Nov-2025,EUR
2025-08-24T20:52:00,lave-vaiselle,Auchan,0.74,0.83,12.11,18.5,Nov-2025,EUR
2025-08-15T12:16:00,lave-vaiselle,Auchan,0.74,0.83,12.11,18.5,Nov-2025,EUR
2025-08-12T09:44:00,lessive,Auchan,3.41,3.87,13.55,18.5,Nov-2025,EUR
2025-08-05T18:46:00,lessive,Auchan,3.41,3.84,12.67,18.5,Nov-2025,EUR
2025-08-07T11:46:00,lessive,Auchan,3.41,3.86,13.26,18.5,Nov-2025,EUR
2025-08-01T16:08:00,lessive,Auchan,3.41,3.86,13.26,18.5,Nov-2025,EUR
2025-08-13T17:20:00,liquide-vaisselle,Auchan,0.71,0.8,12.36,18.5,Nov-2025,EUR
2025-08-06T20:21:00,liquide-vaisselle,Auchan,0.71,0.8,12.36,18.5,Nov-2025,EUR
2025-08-09T17:12:00,mayonnaise,Auchan,2.95,3.35,13.5,18.5,Nov-2025,EUR
2025-08-26T19:44:00,mayonnaise,Auchan,2.95,3.35,13.5,18.5,Nov-2025,EUR
2025-08-01T17:23:00,mayonnaise,Auchan,2.95,3.33,12.82,18.5,Nov-2025,EUR
2025-08-01T09:15:00,moutarde,Auchan,3.19,3.59,12.56,18.5,Nov-2025,EUR
2025-08-19T17:01:00,moutarde,Auchan,3.19,3.61,13.18,18.5,Nov-2025,EUR
2025-08-06T18:22:00,moutarde,Auchan,3.19,3.59,12.56,18.5,Nov-2025,EUR
2025-08-11T14:25:00,moutarde,Auchan,3.19,3.62,13.5,18.5,Nov-2025,EUR
2025-08-17T08:32:00,muesli-cereales,Auchan,3.27,3.71,13.3,18.5,Nov-2025,EUR
2025-08-04T13:33:00,muesli-cereales,Auchan,3.27,3.66,11.77,18.5,Nov-2025,EUR
2025-08-03T13:15:00,muesli-cereales,Auchan,3.27,3.67,12.07,18.5,Nov-2025,EUR
2025-08-13T15:10:00,nettoyant-liquide,Auchan,3.19,3.58,12.32,18.5,Nov-2025,EUR
2025-08-03T14:33:00,nettoyant-liquide,Auchan,3.19,3.61,13.26,18.5,Nov-2025,EUR
2025-08-03T15:27:00,nettoyant-liquide,Auchan,3.19,3.59,12.63,18.5,Nov-2025,EUR
2025-08-28T08:05:00,nettoyant-liquide,Auchan,3.19,3.62,13.58,18.5,Nov-2025,EUR
2025-08-26T08:08:00,noix,Auchan,3.44,3.85,12.06,18.5,Nov-2025,EUR
2025-08-05T12:59:00,noix,Auchan,3.44,3.89,13.22,18.5,Nov-2025,EUR
2025-08-21T15:43:00,noix,Auchan,3.44,3.87,12.64,18.5,Nov-2025,EUR
2025-08-09T16:55:00,noix,Auchan,3.44,3.85,12.06,18.5,Nov-2025,EUR
2025-08-20T19:21:00,oeufs,Auchan,3.29,3.72,12.97,18.5,Nov-2025,EUR
2025-08-26T11:51:00,oeufs,Auchan,3.29,3.68,11.75,18.5,Nov-2025,EUR
2025-08-27T12:40:00,oeufs,Auchan,3.29,3.69,12.06,18.5,Nov-2025,EUR
2025-08-17T17:41:00,oeufs,Auchan,3.29,3.69,12.06,18.5,Nov-2025,EUR
2025-08-09T16:51:00,oignons,Auchan,3.1,3.49,12.64,18.5,Nov-2025,EUR
2025-08-06T08:42:00,oignons,Auchan,3.1,3.52,13.61,18.5,Nov-2025,EUR
2025-08-13T17:23:00,pan-de-mie,Auchan,2.93,3.33,13.59,18.5,Nov-2025,EUR
2025-08-04T20:25:00,pan-de-mie,Auchan,2.93,3.27,11.55,18.5,Nov-2025,EUR
2025-08-21T18:47:00,papier-toilette,Auchan,2.71,3.04,12.04,18.5,Nov-2025,EUR
2025-08-17T12:52:00,papier-toilette,Auchan,2.71,3.06,12.78,18.5,Nov-2025,EUR
2025-08-20T08:28:00,papier-toilette,Auchan,2.71,3.04,12.04,18.5,Nov-2025,EUR
2025-08-06T14:15:00,pasta,Auchan,2.64,2.98,13.08,18.5,Nov-2025,EUR
2025-08-06T19:14:00,pasta,Auchan,2.64,2.95,11.94,18.5,Nov-2025,EUR
2025-08-20T12:52:00,pasta,Auchan,2.64,2.96,12.32,18.5,Nov-2025,EUR
2025-08-21T16:34:00,pasta,Auchan,2.64,2.96,12.32,18.5,Nov-2025,EUR
2025-08-02T14:19:00,pates,Auchan,2.71,3.07,13.37,18.5,Nov-2025,EUR
2025-08-13T08:04:00,pates,Auchan,2.71,3.03,11.9,18.5,Nov-2025,EUR
2025-08-13T19:13:00,pates,Auchan,2.71,3.07,13.37,18.5,Nov-2025,EUR
2025-08-24T16:05:00,pates,Auchan,2.71,3.07,13.37,18.5,Nov-2025,EUR
2025-08-07T20:02:00,petits-pois,Auchan,2.53,2.86,13.09,18.5,Nov-2025,EUR
2025-08-27T20:02:00,petits-pois,Auchan,2.53,2.83,11.91,18.5,Nov-2025,EUR
2025-08-25T15:55:00,pois-chiches,Auchan,3.01,3.42,13.75,18.5,Nov-2025,EUR
2025-08-23T19:31:00,pois-chiches,Auchan,3.01,3.41,13.41,18.5,Nov-2025,EUR
2025-08-23T10:29:00,poitrine,Auchan,2.99,3.37,12.59,18.5,Nov-2025,EUR
2025-08-05T20:27:00,poitrine,Auchan,2.99,3.34,11.59,18.5,Nov-2025,EUR
2025-08-09T12:10:00,poitrine,Auchan,2.99,3.37,12.59,18.5,Nov-2025,EUR
2025-08-14T15:32:00,poitrine,Auchan,2.99,3.4,13.59,18.5,Nov-2025,EUR
2025-08-10T12:54:00,pommedeterre,Auchan,3.45,3.92,13.78,18.5,Nov-2025,EUR
2025-08-08T13:46:00,pommedeterre,Auchan,3.45,3.89,12.91,18.5,Nov-2025,EUR
2025-08-27T15:05:00,porc,Auchan,3.08,3.5,13.72,18.5,Nov-2025,EUR
2025-08-10T12:05:00,porc,Auchan,3.08,3.47,12.75,18.5,Nov-2025,EUR
2025-08-06T15:24:00,porc,Auchan,3.08,3.46,12.42,18.5,Nov-2025,EUR
2025-08-25T12:43:00,poulet,Auchan,2.56,2.88,12.41,18.5,Nov-2025,EUR
2025-08-02T14:16:00,poulet,Auchan,2.56,2.9,13.19,18.5,Nov-2025,EUR
2025-08-06T15:25:00,sauce-tomate,Auchan,1.38,1.55,12.47,18.5,Nov-2025,EUR
2025-08-05T13:56:00,sauce-tomate,Auchan,1.38,1.54,11.74,18.5,Nov-2025,EUR
2025-08-08T17:37:00,sauce-tomate,Auchan,1.38,1.54,11.74,18.5,Nov-2025,EUR
2025-08-01T15:16:00,saucisse,Auchan,5.18,5.86,13.03,18.5,Nov-2025,EUR
2025-08-03T16:52:00,saucisse,Auchan,5.18,5.83,12.45,18.5,Nov-2025,EUR
2025-08-03T16:39:00,sel-de-mer,Auchan,1.27,1.44,13.44,18.5,Nov-2025,EUR
2025-08-03T16:00:00,sel-de-mer,Auchan,1.27,1.42,11.86,18.5,Nov-2025,EUR
2025-08-28T15:47:00,sel-de-mer,Auchan,1.27,1.42,11.86,18.5,Nov-2025,EUR
2025-08-12T18:56:00,sirop,Auchan,2.65,2.96,11.77,18.5,Nov-2025,EUR
2025-08-06T12:42:00,sirop,Auchan,2.65,3.0,13.28,18.5,Nov-2025,EUR
2025-08-10T19:30:00,the,Auchan,2.21,2.48,12.29,18.5,Nov-2025,EUR
2025-08-02T14:10:00,the,Auchan,2.21,2.51,13.64,18.5,Nov-2025,EUR
2025-08-14T16:55:00,the,Auchan,2.21,2.49,12.74,18.5,Nov-2025,EUR
2025-08-02T19:54:00,thon,Auchan,2.89,3.28,13.66,18.5,Nov-2025,EUR
2025-08-07T19:52:00,thon,Auchan,2.89,3.28,13.66,18.5,Nov-2025,EUR
2025-08-13T11:39:00,tomacouli,Auchan,3.0,3.4,13.41,18.5,Nov-2025,EUR
2025-08-06T12:47:00,tomacouli,Auchan,3.0,3.38,12.74,18.5,Nov-2025,EUR
2025-08-06T15:48:00,tomacouli,Auchan,3.0,3.36,12.07,18.5,Nov-2025,EUR
2025-08-04T20:23:00,tomacouli,Auchan,3.0,3.4,13.41,18.5,Nov-2025,EUR
2025-08-18T16:03:00,tomates,Auchan,2.98,3.35,12.27,18.5,Nov-2025,EUR
2025-08-15T16:44:00,tomates,Auchan,2.98,3.38,13.27,18.5,Nov-2025,EUR
2025-08-14T15:40:00,tomates,Auchan,2.98,3.35,12.27,18.5,Nov-2025,EUR
2025-08-04T18:56:00,tomates,Auchan,2.98,3.35,12.27,18.5,Nov-2025,EUR
2025-08-12T17:16:00,viande-bovine,Auchan,8.98,10.15,13.04,18.5,Nov-2025,EUR
2025-08-03T09:33:00,viande-bovine,Auchan,8.98,10.19,13.48,18.5,Nov-2025,EUR
2025-08-21T17:49:00,viande-bovine,Auchan,8.98,10.06,12.04,18.5,Nov-2025,EUR
2025-08-06T08:18:00,viande-bovine,Auchan,8.98,10.01,11.48,18.5,Nov-2025,EUR
2025-08-15T11:41:00,vinaigre,Auchan,1.72,1.95,13.44,18.5,Nov-2025,EUR
2025-08-02T18:12:00,vinaigre,Auchan,1.72,1.94,12.86,18.5,Nov-2025,EUR
2025-08-08T09:47:00,vinaigre,Auchan,1.72,1.95,13.44,18.5,Nov-2025,EUR
2025-08-05T16:18:00,vinaigre,Auchan,1.72,1.94,12.86,18.5,Nov-2025,EUR
2025-08-20T15:17:00,yaourt,Auchan,3.41,3.81,11.82,18.5,Nov-2025,EUR
2025-08-10T08:31:00,yaourt,Auchan,3.41,3.86,13.28,18.5,Nov-2025,EUR
2025-08-07T13:04:00,yaourt,Auchan,3.41,3.84,12.7,18.5,Nov-2025,EUR
2025-09-27T12:34:00,ail,Auchan,2.52,3.19,26.37,21.7,Dec-2025,EUR
2025-09-26T16:59:00,ail,Auchan,2.52,3.2,26.76,21.7,Dec-2025,EUR
2025-09-15T11:04:00,ail,Auchan,2.52,3.22,27.56,21.7,Dec-2025,EUR
2025-09-21T10:20:00,bacon,Auchan,7.33,9.24,26.03,21.7,Dec-2025,EUR
2025-09-09T17:57:00,bacon,Auchan,7.33,9.2,25.49,21.7,Dec-2025,EUR
2025-09-27T20:42:00,bacon,Auchan,7.33,9.22,25.76,21.7,Dec-2025,EUR
2025-09-23T08:29:00,bacon,Auchan,7.33,9.14,24.67,21.7,Dec-2025,EUR
2025-09-14T19:14:00,beurre,Auchan,4.33,5.38,24.37,21.7,Dec-2025,EUR
2025-09-10T15:40:00,beurre,Auchan,4.33,5.41,25.06,21.7,Dec-2025,EUR
2025-09-07T18:44:00,beurre,Auchan,4.33,5.35,23.68,21.7,Dec-2025,EUR
2025-09-18T09:04:00,beurre,Auchan,4.33,5.43,25.53,21.7,Dec-2025,EUR
2025-09-19T08:33:00,biscuits,Auchan,3.02,4.02,33.3,21.7,Dec-2025,EUR
2025-09-10T14:06:00,biscuits,Auchan,3.02,4.01,32.97,21.7,Dec-2025,EUR
2025-09-04T14:52:00,biscuits,Auchan,3.02,4.02,33.3,21.7,Dec-2025,EUR
2025-09-06T16:42:00,biscuits,Auchan,3.02,4.02,33.3,21.7,Dec-2025,EUR
2025-09-04T15:44:00,bonbons,Auchan,3.33,5.01,50.66,21.7,Dec-2025,EUR
2025-09-02T17:03:00,bonbons,Auchan,3.33,4.97,49.45,21.7,Dec-2025,EUR
2025-09-01T15:04:00,cacahuetes,Auchan,3.94,4.9,24.42,21.7,Dec-2025,EUR
2025-09-14T20:37:00,cacahuetes,Auchan,3.94,4.92,24.93,21.7,Dec-2025,EUR
2025-09-17T19:41:00,cafe,Auchan,4.2,5.61,33.67,21.7,Dec-2025,EUR
2025-09-05T11:13:00,cafe,Auchan,4.2,5.57,32.72,21.7,Dec-2025,EUR
2025-09-17T19:53:00,carrots,Auchan,2.03,2.55,25.36,21.7,Dec-2025,EUR
2025-09-11T11:08:00,carrots,Auchan,2.03,2.51,23.4,21.7,Dec-2025,EUR
2025-09-27T15:54:00,carrots,Auchan,2.03,2.52,23.89,21.7,Dec-2025,EUR
2025-09-13T18:25:00,chips,Auchan,2.25,2.71,20.28,21.7,Dec-2025,EUR
2025-09-08T20:14:00,chips,Auchan,2.25,2.73,21.17,21.7,Dec-2025,EUR
2025-09-23T09:05:00,chips,Auchan,2.25,2.74,21.61,21.7,Dec-2025,EUR
2025-09-25T11:54:00,chips,Auchan,2.25,2.75,22.06,21.7,Dec-2025,EUR
2025-09-28T13:02:00,chocolat,Auchan,2.94,3.64,23.93,21.7,Dec-2025,EUR
2025-09-03T10:32:00,chocolat,Auchan,2.94,3.64,23.93,21.7,Dec-2025,EUR
2025-09-01T17:55:00,creme,Auchan,2.99,3.71,24.23,21.7,Dec-2025,EUR
2025-09-22T17:46:00,creme,Auchan,2.99,3.7,23.89,21.7,Dec-2025,EUR
2025-09-14T15:43:00,creme,Auchan,2.99,3.73,24.9,21.7,Dec-2025,EUR
2025-09-07T09:43:00,epinards,Auchan,2.57,3.19,24.12,21.7,Dec-2025,EUR
2025-09-23T10:32:00,epinards,Auchan,2.57,3.22,25.29,21.7,Dec-2025,EUR
2025-09-16T14:53:00,essuie-tout,Auchan,2.67,3.34,25.06,21.7,Dec-2025,EUR
2025-09-06T12:36:00,essuie-tout,Auchan,2.67,3.33,24.69,21.7,Dec-2025,EUR
2025-09-15T10:34:00,farine-de-ble,Auchan,1.2,1.48,23.79,21.7,Dec-2025,EUR
2025-09-23T16:50:00,farine-de-ble,Auchan,1.2,1.49,24.63,21.7,Dec-2025,EUR
2025-09-09T19:53:00,farine-de-ble,Auchan,1.2,1.5,25.47,21.7,Dec-2025,EUR
2025-09-07T19:23:00,fromage,Auchan,6.03,7.8,29.41,21.7,Dec-2025,EUR
2025-09-19T16:21:00,fromage,Auchan,6.03,7.75,28.58,21.7,Dec-2025,EUR
2025-09-19T08:31:00,haricots,Auchan,2.96,3.67,24.09,21.7,Dec-2025,EUR
2025-09-13T11:18:00,haricots,Auchan,2.96,3.72,25.78,21.7,Dec-2025,EUR
2025-09-08T15:14:00,haricotsverts,Auchan,2.92,3.64,24.48,21.7,Dec-2025,EUR
2025-09-03T14:43:00,haricotsverts,Auchan,2.92,3.68,25.85,21.7,Dec-2025,EUR
2025-09-25T10:23:00,haricotsverts,Auchan,2.92,3.66,25.16,21.7,Dec-2025,EUR
2025-09-11T08:07:00,haricotsverts,Auchan,2.92,3.65,24.82,21.7,Dec-2025,EUR
2025-09-04T15:51:00,huile,Auchan,5.94,7.0,17.76,21.7,Dec-2025,EUR
2025-09-19T16:54:00,huile,Auchan,5.94,7.04,18.43,21.7,Dec-2025,EUR
2025-09-26T13:35:00,infusion,Auchan,3.44,4.29,24.84,21.7,Dec-2025,EUR
2025-09-05T15:56:00,infusion,Auchan,3.44,4.28,24.55,21.7,Dec-2025,EUR
2025-09-17T16:02:00,jambon,Auchan,7.08,9.74,37.53,21.7,Dec-2025,EUR
2025-09-08T09:27:00,jambon,Auchan,7.08,9.81,38.52,21.7,Dec-2025,EUR
2025-09-19T14:11:00,jambon,Auchan,7.08,9.8,38.37,21.7,Dec-2025,EUR
2025-09-09T17:24:00,jambon,Auchan,7.08,9.76,37.81,21.7,Dec-2025,EUR
2025-09-05T12:01:00,jus,Auchan,3.53,4.38,23.94,21.7,Dec-2025,EUR
2025-09-21T12:49:00,jus,Auchan,3.53,4.39,24.23,21.7,Dec-2025,EUR
2025-09-13T12:44:00,jus,Auchan,3.53,4.38,23.94,21.7,Dec-2025,EUR
2025-09-23T14:53:00,ketchup,Auchan,1.97,2.31,17.48,21.7,Dec-2025,EUR
2025-09-27T15:02:00,ketchup,Auchan,1.97,2.3,16.97,21.7,Dec-2025,EUR
2025-09-26T16:04:00,ketchup,Auchan,1.97,2.33,18.49,21.7,Dec-2025,EUR
2025-09-18T19:49:00,lait entier,Auchan,1.54,1.93,25.14,21.7,Dec-2025,EUR
2025-09-10T11:08:00,lait entier,Auchan,1.54,1.92,24.5,21.7,Dec-2025,EUR
2025-09-27T16:59:00,lait entier,Auchan,1.54,1.93,25.14,21.7,Dec-2025,EUR
2025-09-18T15:18:00,laitue,Auchan,1.68,2.08,23.52,21.7,Dec-2025,EUR
2025-09-03T16:51:00,laitue,Auchan,1.68,2.09,24.11,21.7,Dec-2025,EUR
2025-09-19T16:15:00,laitue,Auchan,1.68,2.08,23.52,21.7,Dec-2025,EUR
2025-09-13T13:46:00,laitue,Auchan,1.68,2.09,24.11,21.7,Dec-2025,EUR
2025-09-15T08:51:00,lave-vaiselle,Auchan,1.16,1.43,23.54,21.7,Dec-2025,EUR
2025-09-18T09:57:00,lave-vaiselle,Auchan,1.16,1.44,24.4,21.7,Dec-2025,EUR
2025-09-27T17:46:00,lave-vaiselle,Auchan,1.16,1.44,24.4,21.7,Dec-2025,EUR
2025-09-18T19:06:00,lessive,Auchan,2.55,3.21,25.64,21.7,Dec-2025,EUR
2025-09-27T15:34:00,lessive,Auchan,2.55,3.2,25.25,21.7,Dec-2025,EUR
2025-09-20T08:31:00,lessive,Auchan,2.55,3.19,24.86,21.7,Dec-2025,EUR
2025-09-02T15:41:00,liquide-vaisselle,Auchan,0.8,1.01,25.54,21.7,Dec-2025,EUR
2025-09-09T16:09:00,liquide-vaisselle,Auchan,0.8,1.0,24.29,21.7,Dec-2025,EUR
2025-09-09T17:33:00,liquide-vaisselle,Auchan,0.8,1.0,24.29,21.7,Dec-2025,EUR
2025-09-24T11:14:00,liquide-vaisselle,Auchan,0.8,1.01,25.54,21.7,Dec-2025,EUR
2025-09-28T19:06:00,mayonnaise,Auchan,3.01,3.77,25.37,21.7,Dec-2025,EUR
2025-09-19T13:01:00,mayonnaise,Auchan,3.01,3.77,25.37,21.7,Dec-2025,EUR
2025-09-28T15:43:00,moutarde,Auchan,2.91,3.65,25.61,21.7,Dec-2025,EUR
2025-09-20T18:26:00,moutarde,Auchan,2.91,3.64,25.26,21.7,Dec-2025,EUR
2025-09-17T08:37:00,muesli-cereales,Auchan,2.58,3.25,26.04,21.7,Dec-2025,EUR
2025-09-21T08:12:00,muesli-cereales,Auchan,2.58,3.23,25.26,21.7,Dec-2025,EUR
2025-09-15T08:11:00,nettoyant-liquide,Auchan,2.57,3.17,23.54,21.7,Dec-2025,EUR
2025-09-10T15:52:00,nettoyant-liquide,Auchan,2.57,3.2,24.71,21.7,Dec-2025,EUR
2025-09-06T19:55:00,noix,Auchan,2.81,3.5,24.62,21.7,Dec-2025,EUR
2025-09-26T08:12:00,noix,Auchan,2.81,3.48,23.91,21.7,Dec-2025,EUR
2025-09-10T18:50:00,oeufs,Auchan,3.47,4.32,24.65,21.7,Dec-2025,EUR
2025-09-03T18:43:00,oeufs,Auchan,3.47,4.31,24.36,21.7,Dec-2025,EUR
2025-09-15T14:37:00,oeufs,Auchan,3.47,4.29,23.78,21.7,Dec-2025,EUR
2025-09-24T09:46:00,oignons,Auchan,3.24,4.07,25.73,21.7,Dec-2025,EUR
2025-09-09T14:53:00,oignons,Auchan,3.24,4.07,25.73,21.7,Dec-2025,EUR
2025-09-06T18:32:00,oignons,Auchan,3.24,4.02,24.18,21.7,Dec-2025,EUR
2025-09-01T13:23:00,pan-de-mie,Auchan,3.26,4.11,25.96,21.7,Dec-2025,EUR
2025-09-27T15:40:00,pan-de-mie,Auchan,3.26,4.07,24.74,21.7,Dec-2025,EUR
2025-09-25T16:02:00,pan-de-mie,Auchan,3.26,4.05,24.12,21.7,Dec-2025,EUR
2025-09-07T16:49:00,pan-de-mie,Auchan,3.26,4.06,24.43,21.7,Dec-2025,EUR
2025-09-24T14:18:00,papier-toilette,Auchan,2.96,3.71,25.4,21.7,Dec-2025,EUR
2025-09-27T11:42:00,papier-toilette,Auchan,2.96,3.7,25.07,21.7,Dec-2025,EUR
2025-09-24T19:36:00,papier-toilette,Auchan,2.96,3.7,25.07,21.7,Dec-2025,EUR
2025-09-08T08:19:00,papier-toilette,Auchan,2.96,3.71,25.4,21.7,Dec-2025,EUR
2025-09-05T19:11:00,pasta,Auchan,3.18,3.97,24.9,21.7,Dec-2025,EUR
2025-09-05T15:21:00,pasta,Auchan,3.18,3.98,25.22,21.7,Dec-2025,EUR
2025-09-25T15:43:00,pasta,Auchan,3.18,3.95,24.27,21.7,Dec-2025,EUR
2025-09-01T16:18:00,pasta,Auchan,3.18,4.0,25.85,21.7,Dec-2025,EUR
2025-09-04T10:18:00,pates,Auchan,2.9,3.64,25.37,21.7,Dec-2025,EUR
2025-09-13T20:33:00,pates,Auchan,2.9,3.64,25.37,21.7,Dec-2025,EUR
2025-09-19T19:27:00,petits-pois,Auchan,3.42,4.27,24.93,21.7,Dec-2025,EUR
2025-09-08T16:40:00,petits-pois,Auchan,3.42,4.29,25.51,21.7,Dec-2025,EUR
2025-09-15T14:23:00,pois-chiches,Auchan,2.9,3.6,24.24,21.7,Dec-2025,EUR
2025-09-20T17:15:00,pois-chiches,Auchan,2.9,3.64,25.62,21.7,Dec-2025,EUR
2025-09-28T12:47:00,poitrine,Auchan,3.22,4.03,25.11,21.7,Dec-2025,EUR
2025-09-23T11:28:00,poitrine,Auchan,3.22,4.01,24.49,21.7,Dec-2025,EUR
2025-09-17T17:30:00,poitrine,Auchan,3.22,4.01,24.49,21.7,Dec-2025,EUR
2025-09-06T11:44:00,poitrine,Auchan,3.22,4.05,25.73,21.7,Dec-2025,EUR
2025-09-22T18:14:00,pommedeterre,Auchan,3.14,3.94,25.32,21.7,Dec-2025,EUR
2025-09-23T14:39:00,pommedeterre,Auchan,3.14,3.93,25.01,21.7,Dec-2025,EUR
2025-09-08T17:06:00,pommedeterre,Auchan,3.14,3.95,25.64,21.7,Dec-2025,EUR
2025-09-28T11:13:00,pommedeterre,Auchan,3.14,3.91,24.37,21.7,Dec-2025,EUR
2025-09-14T14:26:00,porc,Auchan,3.26,4.06,24.47,21.7,Dec-2025,EUR
2025-09-13T19:19:00,porc,Auchan,3.26,4.03,23.55,21.7,Dec-2025,EUR
2025-09-24T12:51:00,porc,Auchan,3.26,4.05,24.16,21.7,Dec-2025,EUR
2025-09-09T17:04:00,poulet,Auchan,3.21,4.04,25.76,21.7,Dec-2025,EUR
2025-09-13T14:32:00,poulet,Auchan,3.21,4.0,24.51,21.7,Dec-2025,EUR
2025-09-13T15:36:00,sauce-tomate,Auchan,1.34,1.67,24.99,21.7,Dec-2025,EUR
2025-09-20T10:30:00,sauce-tomate,Auchan,1.34,1.66,24.24,21.7,Dec-2025,EUR
2025-09-14T09:07:00,sauce-tomate,Auchan,1.34,1.67,24.99,21.7,Dec-2025,EUR
2025-09-03T09:39:00,sauce-tomate,Auchan,1.34,1.66,24.24,21.7,Dec-2025,EUR
2025-09-07T08:25:00,saucisse,Auchan,4.97,6.24,25.58,21.7,Dec-2025,EUR
2025-09-06T09:52:00,saucisse,Auchan,4.97,6.23,25.37,21.7,Dec-2025,EUR
2025-09-15T20:11:00,saucisse,Auchan,4.97,6.18,24.37,21.7,Dec-2025,EUR
2025-09-04T15:05:00,sel-de-mer,Auchan,0.75,0.94,25.68,21.7,Dec-2025,EUR
2025-09-28T08:48:00,sel-de-mer,Auchan,0.75,0.94,25.68,21.7,Dec-2025,EUR
2025-09-15T11:59:00,sel-de-mer,Auchan,0.75,0.94,25.68,21.7,Dec-2025,EUR
2025-09-18T08:58:00,sirop,Auchan,3.16,3.94,24.75,21.7,Dec-2025,EUR
2025-09-17T09:46:00,sirop,Auchan,3.16,3.96,25.38,21.7,Dec-2025,EUR
2025-09-17T20:15:00,sirop,Auchan,3.16,3.92,24.11,21.7,Dec-2025,EUR
2025-09-10T18:06:00,sirop,Auchan,3.16,3.91,23.8,21.7,Dec-2025,EUR
2025-09-25T12:38:00,the,Auchan,2.22,2.85,28.42,21.7,Dec-2025,EUR
2025-09-23T18:19:00,the,Auchan,2.22,2.87,29.32,21.7,Dec-2025,EUR
2025-09-14T17:21:00,the,Auchan,2.22,2.87,29.32,21.7,Dec-2025,EUR
2025-09-25T15:07:00,the,Auchan,2.22,2.85,28.42,21.7,Dec-2025,EUR
2025-09-19T17:25:00,thon,Auchan,2.71,3.42,26.0,21.7,Dec-2025,EUR
2025-09-04T10:57:00,thon,Auchan,2.71,3.37,24.16,21.7,Dec-2025,EUR
2025-09-09T15:28:00,thon,Auchan,2.71,3.41,25.64,21.7,Dec-2025,EUR
2025-09-18T14:19:00,tomacouli,Auchan,2.82,3.48,23.54,21.7,Dec-2025,EUR
2025-09-25T17:33:00,tomacouli,Auchan,2.82,3.5,24.25,21.7,Dec-2025,EUR
2025-09-08T12:43:00,tomacouli,Auchan,2.82,3.51,24.6,21.7,Dec-2025,EUR
2025-09-10T20:26:00,tomates,Auchan,2.75,3.41,24.09,21.7,Dec-2025,EUR
2025-09-18T17:09:00,tomates,Auchan,2.75,3.43,24.82,21.7,Dec-2025,EUR
2025-09-22T11:40:00,tomates,Auchan,2.75,3.45,25.55,21.7,Dec-2025,EUR
2025-09-24T10:53:00,tomates,Auchan,2.75,3.4,23.73,21.7,Dec-2025,EUR
2025-09-09T11:51:00,viande-bovine,Auchan,8.9,11.11,24.88,21.7,Dec-2025,EUR
2025-09-05T17:43:00,viande-bovine,Auchan,8.9,11.05,24.21,21.7,Dec-2025,EUR
2025-09-19T17:59:00,viande-bovine,Auchan,8.9,11.02,23.87,21.7,Dec-2025,EUR
2025-09-26T11:17:00,viande-bovine,Auchan,8.9,11.21,26.01,21.7,Dec-2025,EUR
2025-09-17T18:34:00,vinaigre,Auchan,1.8,2.22,23.59,21.7,Dec-2025,EUR
2025-09-28T17:14:00,vinaigre,Auchan,1.8,2.25,25.26,21.7,Dec-2025,EUR
2025-09-19T10:00:00,vinaigre,Auchan,1.8,2.24,24.7,21.7,Dec-2025,EUR
2025-09-19T17:59:00,yaourt,Auchan,2.72,3.4,24.96,21.7,Dec-2025,EUR
2025-09-25T12:43:00,yaourt,Auchan,2.72,3.37,23.86,21.7,Dec-2025,EUR
2025-09-13T15:48:00,yaourt,Auchan,2.72,3.41,25.33,21.7,Dec-2025,EUR
2025-10-17T17:24:00,ail,Auchan,2.49,3.04,21.93,23.2,Jan-2026,EUR
2025-10-21T12:14:00,ail,Auchan,2.49,3.05,22.33,23.2,Jan-2026,EUR
2025-10-10T08:57:00,bacon,Auchan,7.36,8.82,19.9,23.2,Jan-2026,EUR
2025-10-19T08:19:00,bacon,Auchan,7.36,8.79,19.49,23.2,Jan-2026,EUR
2025-10-28T12:51:00,beurre,Auchan,4.45,5.54,24.55,23.2,Jan-2026,EUR
2025-10-23T08:11:00,beurre,Auchan,4.45,5.53,24.32,23.2,Jan-2026,EUR
2025-10-02T09:58:00,beurre,Auchan,4.45,5.57,25.22,23.2,Jan-2026,EUR
2025-10-09T15:11:00,beurre,Auchan,4.45,5.51,23.87,23.2,Jan-2026,EUR
2025-10-14T19:41:00,biscuits,Auchan,2.89,3.51,21.66,23.2,Jan-2026,EUR
2025-10-10T08:22:00,biscuits,Auchan,2.89,3.57,23.74,23.2,Jan-2026,EUR
2025-10-03T08:53:00,biscuits,Auchan,2.89,3.56,23.39,23.2,Jan-2026,EUR
2025-10-04T08:07:00,bonbons,Auchan,3.75,4.62,23.33,23.2,Jan-2026,EUR
2025-10-15T11:17:00,bonbons,Auchan,3.75,4.59,22.53,23.2,Jan-2026,EUR
2025-10-12T20:21:00,bonbons,Auchan,3.75,4.64,23.87,23.2,Jan-2026,EUR
2025-10-15T18:03:00,bonbons,Auchan,3.75,4.56,21.73,23.2,Jan-2026,EUR
2025-10-20T19:19:00,cacahuetes,Auchan,4.0,4.81,20.13,23.2,Jan-2026,EUR
2025-10-08T16:11:00,cacahuetes,Auchan,4.0,4.82,20.38,23.2,Jan-2026,EUR
2025-10-19T18:53:00,cacahuetes,Auchan,4.0,4.86,21.38,23.2,Jan-2026,EUR
2025-10-07T17:38:00,cacahuetes,Auchan,4.0,4.79,19.63,23.2,Jan-2026,EUR
2025-10-18T10:54:00,cafe,Auchan,3.83,4.73,23.52,23.2,Jan-2026,EUR
2025-10-05T16:16:00,cafe,Auchan,3.83,4.75,24.04,23.2,Jan-2026,EUR
2025-10-20T19:01:00,cafe,Auchan,3.83,4.72,23.26,23.2,Jan-2026,EUR
2025-10-25T17:46:00,carrots,Auchan,1.97,2.37,20.22,23.2,Jan-2026,EUR
2025-10-22T19:03:00,carrots,Auchan,1.97,2.38,20.72,23.2,Jan-2026,EUR
2025-10-06T11:11:00,carrots,Auchan,1.97,2.39,21.23,23.2,Jan-2026,EUR
2025-10-25T09:43:00,chips,Auchan,2.23,2.68,20.08,23.2,Jan-2026,EUR
2025-10-18T20:40:00,chips,Auchan,2.23,2.68,20.08,23.2,Jan-2026,EUR
2025-10-06T20:27:00,chocolat,Auchan,3.49,4.17,19.64,23.2,Jan-2026,EUR
2025-10-22T16:21:00,chocolat,Auchan,3.49,4.18,19.93,23.2,Jan-2026,EUR
2025-10-16T09:55:00,creme,Auchan,2.76,3.3,19.54,23.2,Jan-2026,EUR
2025-10-02T11:03:00,creme,Auchan,2.76,3.34,20.99,23.2,Jan-2026,EUR
2025-10-27T11:29:00,creme,Auchan,2.76,3.33,20.62,23.2,Jan-2026,EUR
2025-10-11T13:14:00,epinards,Auchan,2.7,3.26,20.83,23.2,Jan-2026,EUR
2025-10-11T15:28:00,epinards,Auchan,2.7,3.27,21.2,23.2,Jan-2026,EUR
2025-10-17T11:41:00,essuie-tout,Auchan,2.65,3.19,20.3,23.2,Jan-2026,EUR
2025-10-28T17:11:00,essuie-tout,Auchan,2.65,3.23,21.81,23.2,Jan-2026,EUR
2025-10-03T15:07:00,essuie-tout,Auchan,2.65,3.18,19.92,23.2,Jan-2026,EUR
2025-10-14T13:34:00,essuie-tout,Auchan,2.65,3.18,19.92,23.2,Jan-2026,EUR
2025-10-12T15:13:00,farine-de-ble,Auchan,1.41,1.7,20.87,23.2,Jan-2026,EUR
2025-10-03T14:44:00,farine-de-ble,Auchan,1.41,1.69,20.16,23.2,Jan-2026,EUR
2025-10-26T15:09:00,farine-de-ble,Auchan,1.41,1.7,20.87,23.2,Jan-2026,EUR
2025-10-07T10:27:00,farine-de-ble,Auchan,1.41,1.69,20.16,23.2,Jan-2026,EUR
2025-10-14T18:50:00,fromage,Auchan,6.11,7.75,26.76,23.2,Jan-2026,EUR
2025-10-01T13:14:00,fromage,Auchan,6.11,7.75,26.76,23.2,Jan-2026,EUR
2025-10-15T09:36:00,haricots,Auchan,3.16,3.8,20.27,23.2,Jan-2026,EUR
2025-10-16T16:18:00,haricots,Auchan,3.16,3.82,20.9,23.2,Jan-2026,EUR
2025-10-02T19:09:00,haricots,Auchan,3.16,3.82,20.9,23.2,Jan-2026,EUR
2025-10-13T12:50:00,haricotsverts,Auchan,2.72,3.27,20.36,23.2,Jan-2026,EUR
2025-10-17T14:55:00,haricotsverts,Auchan,2.72,3.29,21.1,23.2,Jan-2026,EUR
2025-10-10T13:34:00,haricotsverts,Auchan,2.72,3.27,20.36,23.2,Jan-2026,EUR
2025-10-23T16:28:00,haricotsverts,Auchan,2.72,3.25,19.63,23.2,Jan-2026,EUR
2025-10-03T11:17:00,huile,Auchan,6.03,7.22,19.73,23.2,Jan-2026,EUR
2025-10-24T14:14:00,huile,Auchan,6.03,7.23,19.9,23.2,Jan-2026,EUR
2025-10-06T20:52:00,huile,Auchan,6.03,7.15,18.57,23.2,Jan-2026,EUR
2025-10-17T09:05:00,infusion,Auchan,3.71,4.46,20.13,23.2,Jan-2026,EUR
2025-10-06T09:18:00,infusion,Auchan,3.71,4.5,21.21,23.2,Jan-2026,EUR
2025-10-06T16:42:00,infusion,Auchan,3.71,4.45,19.87,23.2,Jan-2026,EUR
2025-10-04T20:48:00,jambon,Auchan,6.98,8.83,26.43,23.2,Jan-2026,EUR
2025-10-07T18:35:00,jambon,Auchan,6.98,8.91,27.58,23.2,Jan-2026,EUR
2025-10-13T19:51:00,jambon,Auchan,6.98,8.75,25.29,23.2,Jan-2026,EUR
2025-10-15T11:17:00,jambon,Auchan,6.98,8.84,26.58,23.2,Jan-2026,EUR
2025-10-08T13:10:00,jus,Auchan,3.39,4.11,21.14,23.2,Jan-2026,EUR
2025-10-01T15:48:00,jus,Auchan,3.39,4.07,19.97,23.2,Jan-2026,EUR
2025-10-08T14:03:00,jus,Auchan,3.39,4.13,21.73,23.2,Jan-2026,EUR
2025-10-27T11:04:00,jus,Auchan,3.39,4.07,19.97,23.2,Jan-2026,EUR
2025-10-11T19:14:00,ketchup,Auchan,2.01,2.37,17.99,23.2,Jan-2026,EUR
2025-10-14T08:49:00,ketchup,Auchan,2.01,2.33,15.99,23.2,Jan-2026,EUR
2025-10-13T12:12:00,ketchup,Auchan,2.01,2.37,17.99,23.2,Jan-2026,EUR
2025-10-27T17:07:00,ketchup,Auchan,2.01,2.34,16.49,23.2,Jan-2026,EUR
2025-10-21T09:13:00,lait entier,Auchan,1.56,1.87,19.75,23.2,Jan-2026,EUR
2025-10-27T09:11:00,lait entier,Auchan,1.56,1.87,19.75,23.2,Jan-2026,EUR
2025-10-10T18:40:00,laitue,Auchan,1.68,2.02,20.32,23.2,Jan-2026,EUR
2025-10-22T13:37:00,laitue,Auchan,1.68,2.02,20.32,23.2,Jan-2026,EUR
2025-10-27T16:07:00,laitue,Auchan,1.68,2.01,19.73,23.2,Jan-2026,EUR
2025-10-07T13:59:00,lave-vaiselle,Auchan,0.98,1.19,21.48,23.2,Jan-2026,EUR
2025-10-26T13:23:00,lave-vaiselle,Auchan,0.98,1.18,20.46,23.2,Jan-2026,EUR
2025-10-04T14:13:00,lave-vaiselle,Auchan,0.98,1.18,20.46,23.2,Jan-2026,EUR
2025-10-12T12:50:00,lessive,Auchan,2.52,3.03,20.25,23.2,Jan-2026,EUR
2025-10-27T12:41:00,lessive,Auchan,2.52,3.03,20.25,23.2,Jan-2026,EUR
2025-10-22T18:50:00,liquide-vaisselle,Auchan,0.82,0.99,20.2,23.2,Jan-2026,EUR
2025-10-09T20:45:00,liquide-vaisselle,Auchan,0.82,0.99,20.2,23.2,Jan-2026,EUR
2025-10-05T16:52:00,mayonnaise,Auchan,2.89,3.49,20.7,23.2,Jan-2026,EUR
2025-10-24T19:32:00,mayonnaise,Auchan,2.89,3.5,21.04,23.2,Jan-2026,EUR
2025-10-15T17:07:00,moutarde,Auchan,2.69,3.26,21.09,23.2,Jan-2026,EUR
2025-10-05T19:23:00,moutarde,Auchan,2.69,3.23,19.98,23.2,Jan-2026,EUR
2025-10-13T09:04:00,moutarde,Auchan,2.69,3.28,21.84,23.2,Jan-2026,EUR
2025-10-26T13:03:00,moutarde,Auchan,2.69,3.23,19.98,23.2,Jan-2026,EUR
2025-10-10T09:10:00,muesli-cereales,Auchan,3.26,3.96,21.39,23.2,Jan-2026,EUR
2025-10-01T12:41:00,muesli-cereales,Auchan,3.26,3.94,20.78,23.2,Jan-2026,EUR
2025-10-12T11:57:00,muesli-cereales,Auchan,3.26,3.92,20.16,23.2,Jan-2026,EUR
2025-10-09T08:45:00,muesli-cereales,Auchan,3.26,3.95,21.08,23.2,Jan-2026,EUR
2025-10-12T20:06:00,nettoyant-liquide,Auchan,3.38,4.1,21.39,23.2,Jan-2026,EUR
2025-10-07T20:29:00,nettoyant-liquide,Auchan,3.38,4.05,19.91,23.2,Jan-2026,EUR
2025-10-01T12:47:00,noix,Auchan,2.66,3.21,20.82,23.2,Jan-2026,EUR
2025-10-08T10:18:00,noix,Auchan,2.66,3.18,19.69,23.2,Jan-2026,EUR
2025-10-11T16:25:00,noix,Auchan,2.66,3.21,20.82,23.2,Jan-2026,EUR
2025-10-19T10:18:00,noix,Auchan,2.66,3.23,21.57,23.2,Jan-2026,EUR
2025-10-14T17:43:00,oeufs,Auchan,3.31,3.92,18.35,23.2,Jan-2026,EUR
2025-10-22T09:58:00,oeufs,Auchan,3.31,3.92,18.35,23.2,Jan-2026,EUR
2025-10-25T16:13:00,oeufs,Auchan,3.31,3.99,20.46,23.2,Jan-2026,EUR
2025-10-17T20:14:00,oignons,Auchan,3.25,3.91,20.49,23.2,Jan-2026,EUR
2025-10-07T09:41:00,oignons,Auchan,3.25,3.9,20.18,23.2,Jan-2026,EUR
2025-10-27T19:38:00,oignons,Auchan,3.25,3.88,19.57,23.2,Jan-2026,EUR
2025-10-17T09:06:00,oignons,Auchan,3.25,3.94,21.42,23.2,Jan-2026,EUR
2025-10-12T17:09:00,pan-de-mie,Auchan,2.56,3.11,21.33,23.2,Jan-2026,EUR
2025-10-25T11:13:00,pan-de-mie,Auchan,2.56,3.12,21.72,23.2,Jan-2026,EUR
2025-10-19T11:47:00,papier-toilette,Auchan,3.04,3.67,20.61,23.2,Jan-2026,EUR
2025-10-25T14:42:00,papier-toilette,Auchan,3.04,3.65,19.96,23.2,Jan-2026,EUR
2025-10-02T19:48:00,papier-toilette,Auchan,3.04,3.64,19.63,23.2,Jan-2026,EUR
2025-10-10T17:31:00,papier-toilette,Auchan,3.04,3.66,20.29,23.2,Jan-2026,EUR
2025-10-09T11:52:00,pasta,Auchan,3.19,3.81,19.54,23.2,Jan-2026,EUR
2025-10-15T09:47:00,pasta,Auchan,3.19,3.82,19.85,23.2,Jan-2026,EUR
2025-10-05T12:53:00,pates,Auchan,2.84,3.4,19.86,23.2,Jan-2026,EUR
2025-10-20T18:16:00,pates,Auchan,2.84,3.45,21.62,23.2,Jan-2026,EUR
2025-10-21T10:06:00,pates,Auchan,2.84,3.41,20.21,23.2,Jan-2026,EUR
2025-10-02T14:07:00,petits-pois,Auchan,3.3,3.95,19.64,23.2,Jan-2026,EUR
2025-10-24T10:34:00,petits-pois,Auchan,3.3,4.01,21.45,23.2,Jan-2026,EUR
2025-10-04T11:02:00,pois-chiches,Auchan,3.18,3.87,21.6,23.2,Jan-2026,EUR
2025-10-13T15:45:00,pois-chiches,Auchan,3.18,3.83,20.35,23.2,Jan-2026,EUR
2025-10-19T09:35:00,pois-chiches,Auchan,3.18,3.85,20.98,23.2,Jan-2026,EUR
2025-10-06T11:54:00,pois-chiches,Auchan,3.18,3.83,20.35,23.2,Jan-2026,EUR
2025-10-06T17:19:00,poitrine,Auchan,2.96,3.57,20.79,23.2,Jan-2026,EUR
2025-10-19T15:54:00,poitrine,Auchan,2.96,3.59,21.47,23.2,Jan-2026,EUR
2025-10-09T12:49:00,poitrine,Auchan,2.96,3.56,20.45,23.2,Jan-2026,EUR
2025-10-15T08:38:00,poitrine,Auchan,2.96,3.59,21.47,23.2,Jan-2026,EUR
2025-10-13T19:40:00,pommedeterre,Auchan,3.26,3.94,20.98,23.2,Jan-2026,EUR
2025-10-27T13:47:00,pommedeterre,Auchan,3.26,3.95,21.29,23.2,Jan-2026,EUR
2025-10-09T15:22:00,porc,Auchan,3.17,3.79,19.74,23.2,Jan-2026,EUR
2025-10-01T12:15:00,porc,Auchan,3.17,3.79,19.74,23.2,Jan-2026,EUR
2025-10-18T08:50:00,poulet,Auchan,3.09,3.72,20.22,23.2,Jan-2026,EUR
2025-10-13T13:27:00,poulet,Auchan,3.09,3.74,20.87,23.2,Jan-2026,EUR
2025-10-13T09:51:00,poulet,Auchan,3.09,3.76,21.51,23.2,Jan-2026,EUR
2025-10-17T18:41:00,poulet,Auchan,3.09,3.72,20.22,23.2,Jan-2026,EUR
2025-10-06T20:37:00,sauce-tomate,Auchan,1.65,1.97,19.62,23.2,Jan-2026,EUR
2025-10-19T20:42:00,sauce-tomate,Auchan,1.65,1.99,20.84,23.2,Jan-2026,EUR
2025-10-08T11:40:00,saucisse,Auchan,5.28,6.34,20.14,23.2,Jan-2026,EUR
2025-10-02T15:28:00,saucisse,Auchan,5.28,6.36,20.52,23.2,Jan-2026,EUR
2025-10-17T12:45:00,saucisse,Auchan,5.28,6.36,20.52,23.2,Jan-2026,EUR
2025-10-01T14:27:00,saucisse,Auchan,5.28,6.33,19.95,23.2,Jan-2026,EUR
2025-10-05T12:58:00,sel-de-mer,Auchan,1.08,1.32,21.71,23.2,Jan-2026,EUR
2025-10-21T08:39:00,sel-de-mer,Auchan,1.08,1.31,20.79,23.2,Jan-2026,EUR
2025-10-12T20:18:00,sel-de-mer,Auchan,1.08,1.3,19.87,23.2,Jan-2026,EUR
2025-10-06T09:23:00,sirop,Auchan,3.34,4.0,19.91,23.2,Jan-2026,EUR
2025-10-23T18:23:00,sirop,Auchan,3.34,4.02,20.51,23.2,Jan-2026,EUR
2025-10-24T17:41:00,sirop,Auchan,3.34,4.02,20.51,23.2,Jan-2026,EUR
2025-10-08T15:51:00,sirop,Auchan,3.34,4.04,21.11,23.2,Jan-2026,EUR
2025-10-10T09:32:00,the,Auchan,2.19,2.7,23.03,23.2,Jan-2026,EUR
2025-10-10T14:34:00,the,Auchan,2.19,2.65,20.75,23.2,Jan-2026,EUR
2025-10-01T20:31:00,thon,Auchan,2.78,3.34,20.12,23.2,Jan-2026,EUR
2025-10-06T13:56:00,thon,Auchan,2.78,3.36,20.84,23.2,Jan-2026,EUR
2025-10-12T19:26:00,thon,Auchan,2.78,3.37,21.2,23.2,Jan-2026,EUR
2025-10-12T13:29:00,tomacouli,Auchan,3.38,4.1,21.17,23.2,Jan-2026,EUR
2025-10-22T09:48:00,tomacouli,Auchan,3.38,4.09,20.88,23.2,Jan-2026,EUR
2025-10-07T12:21:00,tomates,Auchan,2.59,3.1,19.88,23.2,Jan-2026,EUR
2025-10-01T20:29:00,tomates,Auchan,2.59,3.1,19.88,23.2,Jan-2026,EUR
2025-10-07T08:32:00,tomates,Auchan,2.59,3.14,21.43,23.2,Jan-2026,EUR
2025-10-19T11:14:00,viande-bovine,Auchan,9.01,10.8,19.93,23.2,Jan-2026,EUR
2025-10-09T12:41:00,viande-bovine,Auchan,9.01,10.9,21.04,23.2,Jan-2026,EUR
2025-10-01T08:49:00,viande-bovine,Auchan,9.01,10.9,21.04,23.2,Jan-2026,EUR
2025-10-03T20:37:00,viande-bovine,Auchan,9.01,10.96,21.7,23.2,Jan-2026,EUR
2025-10-02T18:36:00,vinaigre,Auchan,1.93,2.32,19.93,23.2,Jan-2026,EUR
2025-10-21T14:12:00,vinaigre,Auchan,1.93,2.34,20.96,23.2,Jan-2026,EUR
2025-10-05T14:28:00,vinaigre,Auchan,1.93,2.33,20.44,23.2,Jan-2026,EUR
2025-10-13T11:56:00,vinaigre,Auchan,1.93,2.35,21.48,23.2,Jan-2026,EUR
2025-10-24T09:02:00,yaourt,Auchan,2.57,3.09,20.28,23.2,Jan-2026,EUR
2025-10-16T18:21:00,yaourt,Auchan,2.57,3.11,21.06,23.2,Jan-2026,EUR
2025-10-02T15:33:00,yaourt,Auchan,2.57,3.1,20.67,23.2,Jan-2026,EUR
2025-11-22T20:02:00,ail,Auchan,2.47,2.91,17.82,24.9,Feb-2026,EUR
2025-11-28T08:01:00,ail,Auchan,2.47,2.93,18.63,24.9,Feb-2026,EUR
2025-11-03T14:26:00,bacon,Auchan,7.76,9.22,18.81,24.9,Feb-2026,EUR
2025-11-18T17:12:00,bacon,Auchan,7.76,9.29,19.71,24.9,Feb-2026,EUR
2025-11-06T10:50:00,bacon,Auchan,7.76,9.16,18.04,24.9,Feb-2026,EUR
2025-11-19T15:19:00,bacon,Auchan,7.76,9.23,18.94,24.9,Feb-2026,EUR
2025-11-23T17:06:00,beurre,Auchan,4.48,5.26,17.43,24.9,Feb-2026,EUR
2025-11-26T19:09:00,beurre,Auchan,4.48,5.27,17.65,24.9,Feb-2026,EUR
2025-11-19T18:07:00,beurre,Auchan,4.48,5.27,17.65,24.9,Feb-2026,EUR
2025-11-12T15:09:00,beurre,Auchan,4.48,5.29,18.1,24.9,Feb-2026,EUR
2025-11-04T08:17:00,biscuits,Auchan,3.02,3.58,18.48,24.9,Feb-2026,EUR
2025-11-14T15:25:00,biscuits,Auchan,3.02,3.56,17.82,24.9,Feb-2026,EUR
2025-11-16T18:08:00,bonbons,Auchan,3.43,4.06,18.45,24.9,Feb-2026,EUR
2025-11-19T14:03:00,bonbons,Auchan,3.43,4.09,19.33,24.9,Feb-2026,EUR
2025-11-22T20:31:00,cacahuetes,Auchan,4.22,4.99,18.26,24.9,Feb-2026,EUR
2025-11-13T17:57:00,cacahuetes,Auchan,4.22,4.99,18.26,24.9,Feb-2026,EUR
2025-11-21T14:32:00,cacahuetes,Auchan,4.22,5.01,18.74,24.9,Feb-2026,EUR
2025-11-07T16:20:00,cafe,Auchan,3.78,4.45,17.84,24.9,Feb-2026,EUR
2025-11-16T13:58:00,cafe,Auchan,3.78,4.49,18.9,24.9,Feb-2026,EUR
2025-11-05T11:37:00,carrots,Auchan,2.22,2.64,18.8,24.9,Feb-2026,EUR
2025-11-04T17:23:00,carrots,Auchan,2.22,2.63,18.35,24.9,Feb-2026,EUR
2025-11-25T20:44:00,carrots,Auchan,2.22,2.66,19.7,24.9,Feb-2026,EUR
2025-11-08T18:12:00,chips,Auchan,2.63,3.09,17.61,24.9,Feb-2026,EUR
2025-11-25T20:47:00,chips,Auchan,2.63,3.1,17.99,24.9,Feb-2026,EUR
2025-11-13T11:11:00,chips,Auchan,2.63,3.12,18.75,24.9,Feb-2026,EUR
2025-11-25T18:44:00,chips,Auchan,2.63,3.15,19.89,24.9,Feb-2026,EUR
2025-11-05T18:57:00,chocolat,Auchan,2.72,3.22,18.46,24.9,Feb-2026,EUR
2025-11-21T18:52:00,chocolat,Auchan,2.72,3.22,18.46,24.9,Feb-2026,EUR
2025-11-14T19:53:00,creme,Auchan,2.97,3.54,19.21,24.9,Feb-2026,EUR
2025-11-07T09:32:00,creme,Auchan,2.97,3.53,18.87,24.9,Feb-2026,EUR
2025-11-15T13:35:00,creme,Auchan,2.97,3.52,18.53,24.9,Feb-2026,EUR
2025-11-13T10:52:00,epinards,Auchan,2.37,2.81,18.6,24.9,Feb-2026,EUR
2025-11-01T12:58:00,epinards,Auchan,2.37,2.82,19.02,24.9,Feb-2026,EUR
2025-11-28T14:21:00,epinards,Auchan,2.37,2.81,18.6,24.9,Feb-2026,EUR
2025-11-22T15:14:00,epinards,Auchan,2.37,2.79,17.75,24.9,Feb-2026,EUR
2025-11-27T17:09:00,essuie-tout,Auchan,3.34,3.99,19.38,24.9,Feb-2026,EUR
2025-11-17T20:13:00,essuie-tout,Auchan,3.34,3.96,18.48,24.9,Feb-2026,EUR
2025-11-08T10:30:00,farine-de-ble,Auchan,1.46,1.73,18.56,24.9,Feb-2026,EUR
2025-11-21T20:46:00,farine-de-ble,Auchan,1.46,1.73,18.56,24.9,Feb-2026,EUR
2025-11-01T08:01:00,farine-de-ble,Auchan,1.46,1.72,17.88,24.9,Feb-2026,EUR
2025-11-23T18:24:00,fromage,Auchan,6.11,7.27,18.99,24.9,Feb-2026,EUR
2025-11-12T15:20:00,fromage,Auchan,6.11,7.32,19.8,24.9,Feb-2026,EUR
2025-11-08T18:50:00,fromage,Auchan,6.11,7.22,18.17,24.9,Feb-2026,EUR
2025-11-10T12:58:00,fromage,Auchan,6.11,7.24,18.5,24.9,Feb-2026,EUR
2025-11-15T10:59:00,haricots,Auchan,2.84,3.34,17.73,24.9,Feb-2026,EUR
2025-11-15T19:43:00,haricots,Auchan,2.84,3.36,18.44,24.9,Feb-2026,EUR
2025-11-27T14:28:00,haricotsverts,Auchan,3.01,3.59,19.11,24.9,Feb-2026,EUR
2025-11-06T12:07:00,haricotsverts,Auchan,3.01,3.59,19.11,24.9,Feb-2026,EUR
2025-11-16T15:06:00,huile,Auchan,6.24,7.35,17.87,24.9,Feb-2026,EUR
2025-11-19T20:18:00,huile,Auchan,6.24,7.47,19.79,24.9,Feb-2026,EUR
2025-11-21T15:30:00,infusion,Auchan,3.35,4.0,19.36,24.9,Feb-2026,EUR
2025-11-28T10:51:00,infusion,Auchan,3.35,3.96,18.17,24.9,Feb-2026,EUR
2025-11-20T13:54:00,infusion,Auchan,3.35,4.01,19.66,24.9,Feb-2026,EUR
2025-11-02T18:06:00,infusion,Auchan,3.35,3.96,18.17,24.9,Feb-2026,EUR
2025-11-20T09:07:00,jambon,Auchan,6.85,8.09,18.02,24.9,Feb-2026,EUR
2025-11-22T20:55:00,jambon,Auchan,6.85,8.2,19.63,24.9,Feb-2026,EUR
2025-11-18T20:44:00,jambon,Auchan,6.85,8.08,17.88,24.9,Feb-2026,EUR
2025-11-03T12:56:00,jambon,Auchan,6.85,8.19,19.48,24.9,Feb-2026,EUR
2025-11-02T12:52:00,jus,Auchan,3.48,4.16,19.56,24.9,Feb-2026,EUR
2025-11-03T08:53:00,jus,Auchan,3.48,4.12,18.41,24.9,Feb-2026,EUR
2025-11-24T08:32:00,jus,Auchan,3.48,4.14,18.99,24.9,Feb-2026,EUR
2025-11-21T18:28:00,jus,Auchan,3.48,4.09,17.55,24.9,Feb-2026,EUR
2025-11-04T17:01:00,ketchup,Auchan,2.4,2.82,17.69,24.9,Feb-2026,EUR
2025-11-19T12:19:00,ketchup,Auchan,2.4,2.84,18.53,24.9,Feb-2026,EUR
2025-11-03T18:26:00,ketchup,Auchan,2.4,2.83,18.11,24.9,Feb-2026,EUR
2025-11-26T19:09:00,ketchup,Auchan,2.4,2.82,17.69,24.9,Feb-2026,EUR
2025-11-08T10:57:00,lait entier,Auchan,1.42,1.69,18.98,24.9,Feb-2026,EUR
2025-11-03T12:04:00,lait entier,Auchan,1.42,1.69,18.98,24.9,Feb-2026,EUR
2025-11-03T15:51:00,lait entier,Auchan,1.42,1.67,17.57,24.9,Feb-2026,EUR
2025-11-12T13:03:00,laitue,Auchan,1.22,1.43,17.46,24.9,Feb-2026,EUR
2025-11-28T17:25:00,laitue,Auchan,1.22,1.44,18.28,24.9,Feb-2026,EUR
2025-11-08T10:54:00,lave-vaiselle,Auchan,0.91,1.09,19.17,24.9,Feb-2026,EUR
2025-11-06T08:38:00,lave-vaiselle,Auchan,0.91,1.09,19.17,24.9,Feb-2026,EUR
2025-11-27T17:47:00,lave-vaiselle,Auchan,0.91,1.08,18.07,24.9,Feb-2026,EUR
2025-11-06T11:22:00,lessive,Auchan,3.27,3.86,17.96,24.9,Feb-2026,EUR
2025-11-19T20:15:00,lessive,Auchan,3.27,3.87,18.27,24.9,Feb-2026,EUR
2025-11-26T11:31:00,lessive,Auchan,3.27,3.87,18.27,24.9,Feb-2026,EUR
2025-11-27T17:55:00,lessive,Auchan,3.27,3.88,18.57,24.9,Feb-2026,EUR
2025-11-24T12:44:00,liquide-vaisselle,Auchan,1.17,1.39,18.9,24.9,Feb-2026,EUR
2025-11-13T17:38:00,liquide-vaisselle,Auchan,1.17,1.4,19.75,24.9,Feb-2026,EUR
2025-11-13T18:22:00,mayonnaise,Auchan,3.36,3.98,18.62,24.9,Feb-2026,EUR
2025-11-19T08:44:00,mayonnaise,Auchan,3.36,3.94,17.43,24.9,Feb-2026,EUR
2025-11-27T19:43:00,moutarde,Auchan,2.81,3.32,18.31,24.9,Feb-2026,EUR
2025-11-17T13:33:00,moutarde,Auchan,2.81,3.31,17.95,24.9,Feb-2026,EUR
2025-11-28T14:52:00,moutarde,Auchan,2.81,3.36,19.74,24.9,Feb-2026,EUR
2025-11-13T13:18:00,muesli-cereales,Auchan,2.98,3.52,18.29,24.9,Feb-2026,EUR
2025-11-09T08:54:00,muesli-cereales,Auchan,2.98,3.54,18.96,24.9,Feb-2026,EUR
2025-11-20T11:47:00,muesli-cereales,Auchan,2.98,3.51,17.96,24.9,Feb-2026,EUR
2025-11-11T09:56:00,nettoyant-liquide,Auchan,3.26,3.85,18.17,24.9,Feb-2026,EUR
2025-11-24T08:13:00,nettoyant-liquide,Auchan,3.26,3.87,18.79,24.9,Feb-2026,EUR
2025-11-11T13:16:00,nettoyant-liquide,Auchan,3.26,3.89,19.4,24.9,Feb-2026,EUR
2025-11-23T20:08:00,nettoyant-liquide,Auchan,3.26,3.89,19.4,24.9,Feb-2026,EUR
2025-11-11T11:09:00,noix,Auchan,2.8,3.33,19.11,24.9,Feb-2026,EUR
2025-11-04T15:11:00,noix,Auchan,2.8,3.28,17.32,24.9,Feb-2026,EUR
2025-11-27T15:30:00,noix,Auchan,2.8,3.34,19.47,24.9,Feb-2026,EUR
2025-11-07T15:24:00,noix,Auchan,2.8,3.31,18.39,24.9,Feb-2026,EUR
2025-11-15T16:06:00,oeufs,Auchan,3.23,3.81,17.82,24.9,Feb-2026,EUR
2025-11-01T20:43:00,oeufs,Auchan,3.23,3.81,17.82,24.9,Feb-2026,EUR
2025-11-15T17:17:00,oeufs,Auchan,3.23,3.83,18.44,24.9,Feb-2026,EUR
2025-11-11T10:24:00,oignons,Auchan,2.92,3.44,17.67,24.9,Feb-2026,EUR
2025-11-26T16:17:00,oignons,Auchan,2.92,3.46,18.35,24.9,Feb-2026,EUR
2025-11-19T15:10:00,pan-de-mie,Auchan,3.32,3.97,19.44,24.9,Feb-2026,EUR
2025-11-28T19:51:00,pan-de-mie,Auchan,3.32,3.94,18.53,24.9,Feb-2026,EUR
2025-11-10T09:52:00,papier-toilette,Auchan,3.2,3.83,19.75,24.9,Feb-2026,EUR
2025-11-28T13:58:00,papier-toilette,Auchan,3.2,3.77,17.87,24.9,Feb-2026,EUR
2025-11-23T08:03:00,papier-toilette,Auchan,3.2,3.83,19.75,24.9,Feb-2026,EUR
2025-11-14T18:28:00,papier-toilette,Auchan,3.2,3.82,19.43,24.9,Feb-2026,EUR
2025-11-08T20:21:00,pasta,Auchan,2.52,2.99,18.76,24.9,Feb-2026,EUR
2025-11-01T14:38:00,pasta,Auchan,2.52,2.99,18.76,24.9,Feb-2026,EUR
2025-11-14T19:49:00,pates,Auchan,3.33,3.93,17.89,24.9,Feb-2026,EUR
2025-11-09T14:25:00,pates,Auchan,3.33,3.94,18.19,24.9,Feb-2026,EUR
2025-11-22T09:12:00,pates,Auchan,3.33,3.96,18.79,24.9,Feb-2026,EUR
2025-11-10T09:25:00,petits-pois,Auchan,3.09,3.69,19.37,24.9,Feb-2026,EUR
2025-11-25T17:05:00,petits-pois,Auchan,3.09,3.65,18.08,24.9,Feb-2026,EUR
2025-11-13T16:57:00,pois-chiches,Auchan,3.18,3.76,18.17,24.9,Feb-2026,EUR
2025-11-06T10:26:00,pois-chiches,Auchan,3.18,3.8,19.43,24.9,Feb-2026,EUR
2025-11-08T11:09:00,pois-chiches,Auchan,3.18,3.8,19.43,24.9,Feb-2026,EUR
2025-11-23T11:23:00,pois-chiches,Auchan,3.18,3.78,18.8,24.9,Feb-2026,EUR
2025-11-14T09:31:00,poitrine,Auchan,2.5,2.97,18.84,24.9,Feb-2026,EUR
2025-11-22T12:42:00,poitrine,Auchan,2.5,2.99,19.64,24.9,Feb-2026,EUR
2025-11-15T08:06:00,poitrine,Auchan,2.5,2.99,19.64,24.9,Feb-2026,EUR
2025-11-04T08:18:00,pommedeterre,Auchan,2.8,3.32,18.41,24.9,Feb-2026,EUR
2025-11-06T18:39:00,pommedeterre,Auchan,2.8,3.32,18.41,24.9,Feb-2026,EUR
2025-11-14T18:27:00,pommedeterre,Auchan,2.8,3.32,18.41,24.9,Feb-2026,EUR
2025-11-01T17:00:00,porc,Auchan,2.76,3.24,17.52,24.9,Feb-2026,EUR
2025-11-06T20:05:00,porc,Auchan,2.76,3.28,18.97,24.9,Feb-2026,EUR
2025-11-05T08:48:00,porc,Auchan,2.76,3.26,18.25,24.9,Feb-2026,EUR
2025-11-12T09:46:00,porc,Auchan,2.76,3.3,19.7,24.9,Feb-2026,EUR
2025-11-22T12:36:00,poulet,Auchan,2.61,3.07,17.68,24.9,Feb-2026,EUR
2025-11-19T12:11:00,poulet,Auchan,2.61,3.1,18.83,24.9,Feb-2026,EUR
2025-11-22T16:09:00,poulet,Auchan,2.61,3.12,19.6,24.9,Feb-2026,EUR
2025-11-04T08:20:00,poulet,Auchan,2.61,3.06,17.3,24.9,Feb-2026,EUR
2025-11-03T14:17:00,sauce-tomate,Auchan,1.52,1.79,18.05,24.9,Feb-2026,EUR
2025-11-06T10:54:00,sauce-tomate,Auchan,1.52,1.8,18.71,24.9,Feb-2026,EUR
2025-11-12T17:40:00,saucisse,Auchan,5.12,6.08,18.81,24.9,Feb-2026,EUR
2025-11-18T14:13:00,saucisse,Auchan,5.12,6.07,18.62,24.9,Feb-2026,EUR
2025-11-12T14:21:00,saucisse,Auchan,5.12,6.09,19.01,24.9,Feb-2026,EUR
2025-11-27T16:18:00,sel-de-mer,Auchan,1.1,1.3,18.19,24.9,Feb-2026,EUR
2025-11-15T10:55:00,sel-de-mer,Auchan,1.1,1.3,18.19,24.9,Feb-2026,EUR
2025-11-14T18:23:00,sirop,Auchan,3.16,3.77,19.44,24.9,Feb-2026,EUR
2025-11-17T08:51:00,sirop,Auchan,3.16,3.75,18.81,24.9,Feb-2026,EUR
2025-11-05T09:31:00,sirop,Auchan,3.16,3.77,19.44,24.9,Feb-2026,EUR
2025-11-19T14:46:00,the,Auchan,2.75,3.29,19.44,24.9,Feb-2026,EUR
2025-11-10T13:30:00,the,Auchan,2.75,3.25,17.98,24.9,Feb-2026,EUR
2025-11-03T20:51:00,thon,Auchan,3.07,3.63,18.05,24.9,Feb-2026,EUR
2025-11-06T12:30:00,thon,Auchan,3.07,3.68,19.68,24.9,Feb-2026,EUR
2025-11-04T19:11:00,thon,Auchan,3.07,3.63,18.05,24.9,Feb-2026,EUR
2025-11-02T20:13:00,thon,Auchan,3.07,3.68,19.68,24.9,Feb-2026,EUR
2025-11-10T09:42:00,tomacouli,Auchan,2.61,3.11,19.16,24.9,Feb-2026,EUR
2025-11-04T18:14:00,tomacouli,Auchan,2.61,3.12,19.55,24.9,Feb-2026,EUR
2025-11-11T19:47:00,tomates,Auchan,2.54,3.03,19.24,24.9,Feb-2026,EUR
2025-11-22T12:35:00,tomates,Auchan,2.54,3.02,18.85,24.9,Feb-2026,EUR
2025-11-14T12:12:00,tomates,Auchan,2.54,3.0,18.06,24.9,Feb-2026,EUR
2025-11-24T12:58:00,viande-bovine,Auchan,8.98,10.76,19.81,24.9,Feb-2026,EUR
2025-11-06T13:46:00,viande-bovine,Auchan,8.98,10.57,17.69,24.9,Feb-2026,EUR
2025-11-27T15:06:00,viande-bovine,Auchan,8.98,10.7,19.14,24.9,Feb-2026,EUR
2025-11-13T10:53:00,viande-bovine,Auchan,8.98,10.65,18.58,24.9,Feb-2026,EUR
2025-11-20T10:33:00,vinaigre,Auchan,1.91,2.28,19.6,24.9,Feb-2026,EUR
2025-11-24T20:40:00,vinaigre,Auchan,1.91,2.28,19.6,24.9,Feb-2026,EUR
2025-11-26T09:20:00,vinaigre,Auchan,1.91,2.24,17.5,24.9,Feb-2026,EUR
2025-11-28T20:20:00,vinaigre,Auchan,1.91,2.25,18.03,24.9,Feb-2026,EUR
2025-11-01T20:36:00,yaourt,Auchan,3.16,3.75,18.83,24.9,Feb-2026,EUR
2025-11-22T15:22:00,yaourt,Auchan,3.16,3.74,18.52,24.9,Feb-2026,EUR
2025-12-10T18:13:00,ail,Auchan,2.43,2.95,21.31,26.9,Mar-2026,EUR
2025-12-09T08:12:00,ail,Auchan,2.43,2.91,19.66,26.9,Mar-2026,EUR
2025-12-28T15:39:00,ail,Auchan,2.43,2.93,20.48,26.9,Mar-2026,EUR
2025-12-17T14:30:00,bacon,Auchan,7.25,8.75,20.68,26.9,Mar-2026,EUR
2025-12-27T10:58:00,bacon,Auchan,7.25,8.73,20.4,26.9,Mar-2026,EUR
2025-12-16T12:38:00,bacon,Auchan,7.25,8.71,20.12,26.9,Mar-2026,EUR
2025-12-13T14:19:00,beurre,Auchan,4.44,5.3,19.32,26.9,Mar-2026,EUR
2025-12-04T17:22:00,beurre,Auchan,4.44,5.32,19.77,26.9,Mar-2026,EUR
2025-12-15T19:56:00,biscuits,Auchan,3.26,3.95,21.16,26.9,Mar-2026,EUR
2025-12-12T18:06:00,biscuits,Auchan,3.26,3.94,20.85,26.9,Mar-2026,EUR
2025-12-14T09:05:00,bonbons,Auchan,3.34,4.0,19.67,26.9,Mar-2026,EUR
2025-12-27T09:13:00,bonbons,Auchan,3.34,4.05,21.17,26.9,Mar-2026,EUR
2025-12-19T09:32:00,bonbons,Auchan,3.34,4.05,21.17,26.9,Mar-2026,EUR
2025-12-24T19:10:00,cacahuetes,Auchan,3.75,4.5,19.98,26.9,Mar-2026,EUR
2025-12-21T20:27:00,cacahuetes,Auchan,3.75,4.55,21.31,26.9,Mar-2026,EUR
2025-12-01T19:49:00,cacahuetes,Auchan,3.75,4.51,20.24,26.9,Mar-2026,EUR
2025-12-03T11:48:00,cacahuetes,Auchan,3.75,4.52,20.51,26.9,Mar-2026,EUR
2025-12-05T12:22:00,cafe,Auchan,4.18,5.0,19.73,26.9,Mar-2026,EUR
2025-12-17T08:39:00,cafe,Auchan,4.18,5.06,21.16,26.9,Mar-2026,EUR
2025-12-21T13:14:00,carrots,Auchan,1.92,2.29,19.56,26.9,Mar-2026,EUR
2025-12-09T20:42:00,carrots,Auchan,1.92,2.32,21.13,26.9,Mar-2026,EUR
2025-12-16T15:36:00,carrots,Auchan,1.92,2.3,20.08,26.9,Mar-2026,EUR
2025-12-23T12:44:00,chips,Auchan,2.67,3.22,20.39,26.9,Mar-2026,EUR
2025-12-11T11:22:00,chips,Auchan,2.67,3.26,21.88,26.9,Mar-2026,EUR
2025-12-24T14:07:00,chips,Auchan,2.67,3.21,20.02,26.9,Mar-2026,EUR
2025-12-26T17:13:00,chips,Auchan,2.67,3.21,20.02,26.9,Mar-2026,EUR
2025-12-18T08:38:00,chocolat,Auchan,2.62,3.13,19.35,26.9,Mar-2026,EUR
2025-12-25T18:54:00,chocolat,Auchan,2.62,3.15,20.11,26.9,Mar-2026,EUR
2025-12-22T15:38:00,chocolat,Auchan,2.62,3.19,21.63,26.9,Mar-2026,EUR
2025-12-12T15:46:00,creme,Auchan,2.69,3.26,21.1,26.9,Mar-2026,EUR
2025-12-01T08:00:00,creme,Auchan,2.69,3.26,21.1,26.9,Mar-2026,EUR
2025-12-18T15:01:00,creme,Auchan,2.69,3.26,21.1,26.9,Mar-2026,EUR
2025-12-11T15:31:00,epinards,Auchan,2.49,3.02,21.22,26.9,Mar-2026,EUR
2025-12-03T09:14:00,epinards,Auchan,2.49,2.98,19.62,26.9,Mar-2026,EUR
2025-12-03T10:23:00,epinards,Auchan,2.49,3.0,20.42,26.9,Mar-2026,EUR
2025-12-06T19:04:00,epinards,Auchan,2.49,3.01,20.82,26.9,Mar-2026,EUR
2025-12-10T08:48:00,essuie-tout,Auchan,3.09,3.71,20.03,26.9,Mar-2026,EUR
2025-12-28T11:48:00,essuie-tout,Auchan,3.09,3.69,19.38,26.9,Mar-2026,EUR
2025-12-09T13:14:00,essuie-tout,Auchan,3.09,3.73,20.67,26.9,Mar-2026,EUR
2025-12-27T12:29:00,essuie-tout,Auchan,3.09,3.7,19.7,26.9,Mar-2026,EUR
2025-12-08T08:34:00,farine-de-ble,Auchan,1.57,1.88,19.84,26.9,Mar-2026,EUR
2025-12-12T16:15:00,farine-de-ble,Auchan,1.57,1.9,21.12,26.9,Mar-2026,EUR
2025-12-07T17:40:00,fromage,Auchan,6.28,7.53,19.83,26.9,Mar-2026,EUR
2025-12-13T09:10:00,fromage,Auchan,6.28,7.58,20.63,26.9,Mar-2026,EUR
2025-12-10T14:03:00,fromage,Auchan,6.28,7.6,20.95,26.9,Mar-2026,EUR
2025-12-23T11:06:00,haricots,Auchan,3.24,3.9,20.25,26.9,Mar-2026,EUR
2025-12-10T18:36:00,haricots,Auchan,3.24,3.93,21.17,26.9,Mar-2026,EUR
2025-12-13T18:24:00,haricots,Auchan,3.24,3.93,21.17,26.9,Mar-2026,EUR
2025-12-25T16:48:00,haricots,Auchan,3.24,3.94,21.48,26.9,Mar-2026,EUR
2025-12-15T20:02:00,haricotsverts,Auchan,2.76,3.3,19.7,26.9,Mar-2026,EUR
2025-12-05T20:14:00,haricotsverts,Auchan,2.76,3.3,19.7,26.9,Mar-2026,EUR
2025-12-05T10:08:00,huile,Auchan,5.97,7.17,20.02,26.9,Mar-2026,EUR
2025-12-11T19:25:00,huile,Auchan,5.97,7.17,20.02,26.9,Mar-2026,EUR
2025-12-01T12:50:00,huile,Auchan,5.97,7.26,21.52,26.9,Mar-2026,EUR
2025-12-27T18:24:00,infusion,Auchan,3.21,3.9,21.64,26.9,Mar-2026,EUR
2025-12-25T16:29:00,infusion,Auchan,3.21,3.86,20.39,26.9,Mar-2026,EUR
2025-12-11T08:42:00,jambon,Auchan,6.8,8.18,20.29,26.9,Mar-2026,EUR
2025-12-18T17:14:00,jambon,Auchan,6.8,8.22,20.88,26.9,Mar-2026,EUR
2025-12-23T14:51:00,jambon,Auchan,6.8,8.18,20.29,26.9,Mar-2026,EUR
2025-12-08T13:46:00,jus,Auchan,3.62,4.4,21.41,26.9,Mar-2026,EUR
2025-12-03T08:19:00,jus,Auchan,3.62,4.34,19.76,26.9,Mar-2026,EUR
2025-12-02T11:00:00,jus,Auchan,3.62,4.41,21.69,26.9,Mar-2026,EUR
2025-12-17T20:54:00,jus,Auchan,3.62,4.35,20.03,26.9,Mar-2026,EUR
2025-12-21T16:59:00,ketchup,Auchan,2.44,2.96,21.38,26.9,Mar-2026,EUR
2025-12-18T15:38:00,ketchup,Auchan,2.44,2.91,19.33,26.9,Mar-2026,EUR
2025-12-27T20:43:00,lait entier,Auchan,1.31,1.58,20.25,26.9,Mar-2026,EUR
2025-12-22T15:14:00,lait entier,Auchan,1.31,1.58,20.25,26.9,Mar-2026,EUR
2025-12-27T20:24:00,lait entier,Auchan,1.31,1.58,20.25,26.9,Mar-2026,EUR
2025-12-06T09:38:00,laitue,Auchan,1.79,2.14,19.76,26.9,Mar-2026,EUR
2025-12-10T17:39:00,laitue,Auchan,1.79,2.16,20.88,26.9,Mar-2026,EUR
2025-12-17T16:38:00,laitue,Auchan,1.79,2.16,20.88,26.9,Mar-2026,EUR
2025-12-16T16:11:00,laitue,Auchan,1.79,2.17,21.44,26.9,Mar-2026,EUR
2025-12-27T15:46:00,lave-vaiselle,Auchan,0.82,0.99,20.03,26.9,Mar-2026,EUR
2025-12-01T09:46:00,lave-vaiselle,Auchan,0.82,0.99,20.03,26.9,Mar-2026,EUR
2025-12-11T20:04:00,lave-vaiselle,Auchan,0.82,1.0,21.24,26.9,Mar-2026,EUR
2025-12-24T17:03:00,lave-vaiselle,Auchan,0.82,0.99,20.03,26.9,Mar-2026,EUR
2025-12-04T10:40:00,lessive,Auchan,3.33,4.05,21.64,26.9,Mar-2026,EUR
2025-12-28T12:42:00,lessive,Auchan,3.33,4.02,20.74,26.9,Mar-2026,EUR
2025-12-20T10:52:00,lessive,Auchan,3.33,4.04,21.34,26.9,Mar-2026,EUR
2025-12-02T09:04:00,liquide-vaisselle,Auchan,0.9,1.1,21.95,26.9,Mar-2026,EUR
2025-12-15T14:13:00,liquide-vaisselle,Auchan,0.9,1.1,21.95,26.9,Mar-2026,EUR
2025-12-01T13:19:00,mayonnaise,Auchan,2.59,3.1,19.63,26.9,Mar-2026,EUR
2025-12-23T15:43:00,mayonnaise,Auchan,2.59,3.13,20.79,26.9,Mar-2026,EUR
2025-12-21T19:33:00,moutarde,Auchan,2.95,3.54,19.93,26.9,Mar-2026,EUR
2025-12-22T10:08:00,moutarde,Auchan,2.95,3.55,20.27,26.9,Mar-2026,EUR
2025-12-17T12:35:00,moutarde,Auchan,2.95,3.57,20.95,26.9,Mar-2026,EUR
2025-12-05T12:37:00,muesli-cereales,Auchan,2.92,3.52,20.51,26.9,Mar-2026,EUR
2025-12-09T09:50:00,muesli-cereales,Auchan,2.92,3.53,20.85,26.9,Mar-2026,EUR
2025-12-23T08:52:00,muesli-cereales,Auchan,2.92,3.52,20.51,26.9,Mar-2026,EUR
2025-12-22T17:29:00,muesli-cereales,Auchan,2.92,3.54,21.19,26.9,Mar-2026,EUR
2025-12-01T19:56:00,nettoyant-liquide,Auchan,3.04,3.69,21.32,26.9,Mar-2026,EUR
2025-12-04T11:04:00,nettoyant-liquide,Auchan,3.04,3.64,19.67,26.9,Mar-2026,EUR
2025-12-05T17:23:00,nettoyant-liquide,Auchan,3.04,3.66,20.33,26.9,Mar-2026,EUR
2025-12-07T11:37:00,noix,Auchan,3.06,3.66,19.59,26.9,Mar-2026,EUR
2025-12-20T15:01:00,noix,Auchan,3.06,3.67,19.92,26.9,Mar-2026,EUR
2025-12-17T18:09:00,noix,Auchan,3.06,3.69,20.57,26.9,Mar-2026,EUR
2025-12-05T11:47:00,oeufs,Auchan,3.44,4.13,20.11,26.9,Mar-2026,EUR
2025-12-11T10:17:00,oeufs,Auchan,3.44,4.15,20.7,26.9,Mar-2026,EUR
2025-12-23T17:06:00,oignons,Auchan,3.43,4.12,20.03,26.9,Mar-2026,EUR
2025-12-11T19:13:00,oignons,Auchan,3.43,4.15,20.9,26.9,Mar-2026,EUR
2025-12-22T08:14:00,oignons,Auchan,3.43,4.12,20.03,26.9,Mar-2026,EUR
2025-12-03T11:02:00,pan-de-mie,Auchan,2.85,3.46,21.53,26.9,Mar-2026,EUR
2025-12-25T18:39:00,pan-de-mie,Auchan,2.85,3.44,20.83,26.9,Mar-2026,EUR
2025-12-15T09:18:00,pan-de-mie,Auchan,2.85,3.44,20.83,26.9,Mar-2026,EUR
2025-12-23T10:28:00,pan-de-mie,Auchan,2.85,3.43,20.48,26.9,Mar-2026,EUR
2025-12-01T18:24:00,papier-toilette,Auchan,2.66,3.21,20.53,26.9,Mar-2026,EUR
2025-12-24T10:28:00,papier-toilette,Auchan,2.66,3.21,20.53,26.9,Mar-2026,EUR
2025-12-04T17:37:00,pasta,Auchan,3.13,3.77,20.44,26.9,Mar-2026,EUR
2025-12-25T13:03:00,pasta,Auchan,3.13,3.79,21.08,26.9,Mar-2026,EUR
2025-12-20T18:45:00,pasta,Auchan,3.13,3.79,21.08,26.9,Mar-2026,EUR
2025-12-11T17:51:00,pates,Auchan,2.97,3.59,20.95,26.9,Mar-2026,EUR
2025-12-20T19:19:00,pates,Auchan,2.97,3.56,19.94,26.9,Mar-2026,EUR
2025-12-06T10:30:00,pates,Auchan,2.97,3.58,20.61,26.9,Mar-2026,EUR
2025-12-15T19:32:00,pates,Auchan,2.97,3.6,21.28,26.9,Mar-2026,EUR
2025-12-26T20:27:00,petits-pois,Auchan,2.89,3.45,19.36,26.9,Mar-2026,EUR
2025-12-05T14:45:00,petits-pois,Auchan,2.89,3.52,21.79,26.9,Mar-2026,EUR
2025-12-23T14:03:00,petits-pois,Auchan,2.89,3.48,20.4,26.9,Mar-2026,EUR
2025-12-16T12:27:00,petits-pois,Auchan,2.89,3.51,21.44,26.9,Mar-2026,EUR
2025-12-08T12:04:00,pois-chiches,Auchan,2.52,3.06,21.66,26.9,Mar-2026,EUR
2025-12-13T08:10:00,pois-chiches,Auchan,2.52,3.01,19.67,26.9,Mar-2026,EUR
2025-12-06T18:25:00,pois-chiches,Auchan,2.52,3.06,21.66,26.9,Mar-2026,EUR
2025-12-01T15:09:00,poitrine,Auchan,2.97,3.59,21.08,26.9,Mar-2026,EUR
2025-12-09T18:07:00,poitrine,Auchan,2.97,3.56,20.07,26.9,Mar-2026,EUR
2025-12-10T13:49:00,pommedeterre,Auchan,3.02,3.67,21.42,26.9,Mar-2026,EUR
2025-12-05T18:04:00,pommedeterre,Auchan,3.02,3.68,21.75,26.9,Mar-2026,EUR
2025-12-23T13:48:00,pommedeterre,Auchan,3.02,3.63,20.09,26.9,Mar-2026,EUR
2025-12-08T18:23:00,pommedeterre,Auchan,3.02,3.63,20.09,26.9,Mar-2026,EUR
2025-12-03T17:33:00,porc,Auchan,3.41,4.14,21.58,26.9,Mar-2026,EUR
2025-12-12T09:21:00,porc,Auchan,3.41,4.1,20.41,26.9,Mar-2026,EUR
2025-12-12T15:53:00,porc,Auchan,3.41,4.08,19.82,26.9,Mar-2026,EUR
2025-12-04T08:17:00,porc,Auchan,3.41,4.07,19.52,26.9,Mar-2026,EUR
2025-12-08T17:16:00,poulet,Auchan,3.26,3.93,20.45,26.9,Mar-2026,EUR
2025-12-03T20:27:00,poulet,Auchan,3.26,3.94,20.76,26.9,Mar-2026,EUR
2025-12-10T09:54:00,sauce-tomate,Auchan,1.35,1.64,21.48,26.9,Mar-2026,EUR
2025-12-09T16:52:00,sauce-tomate,Auchan,1.35,1.64,21.48,26.9,Mar-2026,EUR
2025-12-23T15:53:00,saucisse,Auchan,4.84,5.83,20.5,26.9,Mar-2026,EUR
2025-12-11T08:22:00,saucisse,Auchan,4.84,5.84,20.71,26.9,Mar-2026,EUR
2025-12-15T08:14:00,saucisse,Auchan,4.84,5.88,21.53,26.9,Mar-2026,EUR
2025-12-03T18:39:00,saucisse,Auchan,4.84,5.81,20.09,26.9,Mar-2026,EUR
2025-12-21T08:12:00,sel-de-mer,Auchan,0.96,1.16,21.11,26.9,Mar-2026,EUR
2025-12-20T16:16:00,sel-de-mer,Auchan,0.96,1.16,21.11,26.9,Mar-2026,EUR
2025-12-10T08:57:00,sirop,Auchan,2.86,3.43,20.01,26.9,Mar-2026,EUR
2025-12-16T12:09:00,sirop,Auchan,2.86,3.47,21.41,26.9,Mar-2026,EUR
2025-12-20T12:07:00,sirop,Auchan,2.86,3.47,21.41,26.9,Mar-2026,EUR
2025-12-27T15:00:00,the,Auchan,2.43,2.93,20.42,26.9,Mar-2026,EUR
2025-12-19T14:04:00,the,Auchan,2.43,2.94,20.84,26.9,Mar-2026,EUR
2025-12-07T11:26:00,thon,Auchan,2.73,3.3,20.87,26.9,Mar-2026,EUR
2025-12-01T09:16:00,thon,Auchan,2.73,3.31,21.24,26.9,Mar-2026,EUR
2025-12-01T15:57:00,thon,Auchan,2.73,3.3,20.87,26.9,Mar-2026,EUR
2025-12-23T08:39:00,tomacouli,Auchan,3.4,4.12,21.25,26.9,Mar-2026,EUR
2025-12-24T19:20:00,tomacouli,Auchan,3.4,4.09,20.36,26.9,Mar-2026,EUR
2025-12-21T09:07:00,tomates,Auchan,3.42,4.14,21.19,26.9,Mar-2026,EUR
2025-12-27T08:01:00,tomates,Auchan,3.42,4.09,19.73,26.9,Mar-2026,EUR
2025-12-15T08:41:00,viande-bovine,Auchan,9.06,10.82,19.4,26.9,Mar-2026,EUR
2025-12-22T19:03:00,viande-bovine,Auchan,9.06,10.97,21.06,26.9,Mar-2026,EUR
2025-12-24T13:28:00,vinaigre,Auchan,2.27,2.74,20.63,26.9,Mar-2026,EUR
2025-12-12T08:05:00,vinaigre,Auchan,2.27,2.76,21.51,26.9,Mar-2026,EUR
2025-12-01T18:56:00,vinaigre,Auchan,2.27,2.75,21.07,26.9,Mar-2026,EUR
2025-12-06T15:29:00,yaourt,Auchan,3.3,4.0,21.28,26.9,Mar-2026,EUR
2025-12-26T13:18:00,yaourt,Auchan,3.3,4.0,21.28,26.9,Mar-2026,EUR
2026-01-04T11:59:00,ail,Auchan,2.63,3.52,33.78,29.1,Apr-2026,EUR
2026-01-27T20:30:00,ail,Auchan,2.63,3.5,33.02,29.1,Apr-2026,EUR
2026-01-23T15:38:00,ail,Auchan,2.63,3.51,33.4,29.1,Apr-2026,EUR
2026-01-14T13:39:00,ail,Auchan,2.63,3.5,33.02,29.1,Apr-2026,EUR
2026-01-27T10:50:00,bacon,Auchan,7.21,8.82,22.39,29.1,Apr-2026,EUR
2026-01-19T15:16:00,bacon,Auchan,7.21,8.76,21.56,29.1,Apr-2026,EUR
2026-01-16T12:54:00,beurre,Auchan,4.39,5.37,22.45,29.1,Apr-2026,EUR
2026-01-24T08:07:00,beurre,Auchan,4.39,5.4,23.13,29.1,Apr-2026,EUR
2026-01-25T16:27:00,biscuits,Auchan,3.25,3.95,21.67,29.1,Apr-2026,EUR
2026-01-26T11:06:00,biscuits,Auchan,3.25,3.96,21.98,29.1,Apr-2026,EUR
2026-01-17T12:39:00,bonbons,Auchan,3.35,4.49,34.2,29.1,Apr-2026,EUR
2026-01-01T20:26:00,bonbons,Auchan,3.35,4.5,34.5,29.1,Apr-2026,EUR
2026-01-08T15:49:00,cacahuetes,Auchan,4.2,5.13,22.05,29.1,Apr-2026,EUR
2026-01-22T09:28:00,cacahuetes,Auchan,4.2,5.13,22.05,29.1,Apr-2026,EUR
2026-01-15T15:03:00,cafe,Auchan,4.01,4.93,23.07,29.1,Apr-2026,EUR
2026-01-09T19:10:00,cafe,Auchan,4.01,4.91,22.57,29.1,Apr-2026,EUR
2026-01-23T20:29:00,cafe,Auchan,4.01,4.92,22.82,29.1,Apr-2026,EUR
2026-01-01T20:36:00,carrots,Auchan,2.16,2.66,23.13,29.1,Apr-2026,EUR
2026-01-20T17:37:00,carrots,Auchan,2.16,2.66,23.13,29.1,Apr-2026,EUR
2026-01-09T15:32:00,carrots,Auchan,2.16,2.67,23.59,29.1,Apr-2026,EUR
2026-01-12T16:00:00,chips,Auchan,2.2,2.68,21.84,29.1,Apr-2026,EUR
2026-01-04T20:09:00,chips,Auchan,2.2,2.68,21.84,29.1,Apr-2026,EUR
2026-01-20T08:24:00,chips,Auchan,2.2,2.68,21.84,29.1,Apr-2026,EUR
2026-01-04T19:17:00,chips,Auchan,2.2,2.71,23.2,29.1,Apr-2026,EUR
2026-01-11T18:56:00,chocolat,Auchan,3.08,3.78,22.92,29.1,Apr-2026,EUR
2026-01-04T08:57:00,chocolat,Auchan,3.08,3.74,21.61,29.1,Apr-2026,EUR
2026-01-09T09:21:00,creme,Auchan,2.88,3.56,23.65,29.1,Apr-2026,EUR
2026-01-22T11:56:00,creme,Auchan,2.88,3.52,22.26,29.1,Apr-2026,EUR
2026-01-13T12:38:00,creme,Auchan,2.88,3.53,22.61,29.1,Apr-2026,EUR
2026-01-14T20:24:00,epinards,Auchan,2.75,3.39,23.12,29.1,Apr-2026,EUR
2026-01-05T15:59:00,epinards,Auchan,2.75,3.39,23.12,29.1,Apr-2026,EUR
2026-01-12T19:21:00,epinards,Auchan,2.75,3.35,21.67,29.1,Apr-2026,EUR
2026-01-19T16:37:00,epinards,Auchan,2.75,3.38,22.76,29.1,Apr-2026,EUR
2026-01-13T12:53:00,essuie-tout,Auchan,2.69,3.27,21.68,29.1,Apr-2026,EUR
2026-01-12T15:58:00,essuie-tout,Auchan,2.69,3.29,22.43,29.1,Apr-2026,EUR
2026-01-11T19:34:00,essuie-tout,Auchan,2.69,3.29,22.43,29.1,Apr-2026,EUR
2026-01-16T11:37:00,essuie-tout,Auchan,2.69,3.31,23.17,29.1,Apr-2026,EUR
2026-01-01T08:27:00,farine-de-ble,Auchan,1.38,1.69,22.2,29.1,Apr-2026,EUR
2026-01-09T15:49:00,farine-de-ble,Auchan,1.38,1.69,22.2,29.1,Apr-2026,EUR
2026-01-20T14:15:00,farine-de-ble,Auchan,1.38,1.68,21.48,29.1,Apr-2026,EUR
2026-01-01T16:11:00,fromage,Auchan,5.89,7.24,22.84,29.1,Apr-2026,EUR
2026-01-16T14:03:00,fromage,Auchan,5.89,7.21,22.33,29.1,Apr-2026,EUR
2026-01-25T12:12:00,haricots,Auchan,3.1,3.82,23.37,29.1,Apr-2026,EUR
2026-01-26T14:43:00,haricots,Auchan,3.1,3.76,21.43,29.1,Apr-2026,EUR
2026-01-23T15:27:00,haricotsverts,Auchan,2.9,3.57,23.14,29.1,Apr-2026,EUR
2026-01-17T08:20:00,haricotsverts,Auchan,2.9,3.56,22.8,29.1,Apr-2026,EUR
2026-01-25T14:40:00,haricotsverts,Auchan,2.9,3.53,21.76,29.1,Apr-2026,EUR
2026-01-24T18:32:00,haricotsverts,Auchan,2.9,3.55,22.45,29.1,Apr-2026,EUR
2026-01-01T09:01:00,huile,Auchan,6.11,7.43,21.69,29.1,Apr-2026,EUR
2026-01-01T16:26:00,huile,Auchan,6.11,7.45,22.02,29.1,Apr-2026,EUR
2026-01-07T16:21:00,huile,Auchan,6.11,7.51,23.01,29.1,Apr-2026,EUR
2026-01-16T08:43:00,infusion,Auchan,3.2,3.94,22.96,29.1,Apr-2026,EUR
2026-01-05T13:24:00,infusion,Auchan,3.2,3.89,21.4,29.1,Apr-2026,EUR
2026-01-04T20:02:00,infusion,Auchan,3.2,3.9,21.72,29.1,Apr-2026,EUR
2026-01-07T20:51:00,infusion,Auchan,3.2,3.9,21.72,29.1,Apr-2026,EUR
2026-01-15T11:02:00,jambon,Auchan,6.79,8.54,25.82,29.1,Apr-2026,EUR
2026-01-28T15:05:00,jambon,Auchan,6.79,8.49,25.08,29.1,Apr-2026,EUR
2026-01-18T13:00:00,jus,Auchan,3.48,4.3,23.72,29.1,Apr-2026,EUR
2026-01-21T16:39:00,jus,Auchan,3.48,4.26,22.57,29.1,Apr-2026,EUR
2026-01-05T14:01:00,jus,Auchan,3.48,4.23,21.71,29.1,Apr-2026,EUR
2026-01-27T12:30:00,ketchup,Auchan,2.08,2.56,23.37,29.1,Apr-2026,EUR
2026-01-13T17:51:00,ketchup,Auchan,2.08,2.53,21.93,29.1,Apr-2026,EUR
2026-01-10T15:56:00,lait entier,Auchan,1.21,1.48,22.17,29.1,Apr-2026,EUR
2026-01-22T14:11:00,lait entier,Auchan,1.21,1.49,22.99,29.1,Apr-2026,EUR
2026-01-04T11:45:00,lait entier,Auchan,1.21,1.49,22.99,29.1,Apr-2026,EUR
2026-01-13T10:10:00,laitue,Auchan,1.26,1.54,22.59,29.1,Apr-2026,EUR
2026-01-13T15:01:00,laitue,Auchan,1.26,1.53,21.79,29.1,Apr-2026,EUR
2026-01-05T11:54:00,lave-vaiselle,Auchan,1.1,1.34,21.91,29.1,Apr-2026,EUR
2026-01-09T08:21:00,lave-vaiselle,Auchan,1.1,1.35,22.82,29.1,Apr-2026,EUR
2026-01-26T15:50:00,lessive,Auchan,3.46,4.27,23.24,29.1,Apr-2026,EUR
2026-01-26T13:20:00,lessive,Auchan,3.46,4.26,22.95,29.1,Apr-2026,EUR
2026-01-28T14:18:00,lessive,Auchan,3.46,4.23,22.09,29.1,Apr-2026,EUR
2026-01-10T12:27:00,liquide-vaisselle,Auchan,1.11,1.35,21.37,29.1,Apr-2026,EUR
2026-01-15T15:43:00,liquide-vaisselle,Auchan,1.11,1.37,23.17,29.1,Apr-2026,EUR
2026-01-01T13:51:00,liquide-vaisselle,Auchan,1.11,1.36,22.27,29.1,Apr-2026,EUR
2026-01-03T09:13:00,liquide-vaisselle,Auchan,1.11,1.36,22.27,29.1,Apr-2026,EUR
2026-01-16T17:07:00,mayonnaise,Auchan,3.43,4.23,23.23,29.1,Apr-2026,EUR
2026-01-24T09:29:00,mayonnaise,Auchan,3.43,4.25,23.81,29.1,Apr-2026,EUR
2026-01-09T08:13:00,mayonnaise,Auchan,3.43,4.2,22.35,29.1,Apr-2026,EUR
2026-01-15T09:42:00,mayonnaise,Auchan,3.43,4.2,22.35,29.1,Apr-2026,EUR
2026-01-06T17:24:00,moutarde,Auchan,2.65,3.26,23.05,29.1,Apr-2026,EUR
2026-01-12T18:24:00,moutarde,Auchan,2.65,3.22,21.54,29.1,Apr-2026,EUR
2026-01-10T19:00:00,muesli-cereales,Auchan,2.62,3.2,22.27,29.1,Apr-2026,EUR
2026-01-05T12:03:00,muesli-cereales,Auchan,2.62,3.21,22.66,29.1,Apr-2026,EUR
2026-01-17T20:02:00,muesli-cereales,Auchan,2.62,3.21,22.66,29.1,Apr-2026,EUR
2026-01-10T12:18:00,nettoyant-liquide,Auchan,3.25,3.96,21.81,29.1,Apr-2026,EUR
2026-01-26T16:57:00,nettoyant-liquide,Auchan,3.25,4.03,23.96,29.1,Apr-2026,EUR
2026-01-03T13:13:00,nettoyant-liquide,Auchan,3.25,3.95,21.5,29.1,Apr-2026,EUR
2026-01-02T19:25:00,noix,Auchan,3.05,3.75,22.9,29.1,Apr-2026,EUR
2026-01-10T17:40:00,noix,Auchan,3.05,3.76,23.23,29.1,Apr-2026,EUR
2026-01-06T13:43:00,oeufs,Auchan,3.34,4.08,22.22,29.1,Apr-2026,EUR
2026-01-18T18:54:00,oeufs,Auchan,3.34,4.1,22.82,29.1,Apr-2026,EUR
2026-01-20T14:56:00,oignons,Auchan,3.09,3.8,22.92,29.1,Apr-2026,EUR
2026-01-19T11:28:00,oignons,Auchan,3.09,3.82,23.57,29.1,Apr-2026,EUR
2026-01-16T16:52:00,pan-de-mie,Auchan,3.39,4.15,22.6,29.1,Apr-2026,EUR
2026-01-02T13:52:00,pan-de-mie,Auchan,3.39,4.19,23.78,29.1,Apr-2026,EUR
2026-01-23T11:22:00,papier-toilette,Auchan,2.88,3.53,22.67,29.1,Apr-2026,EUR
2026-01-27T15:35:00,papier-toilette,Auchan,2.88,3.5,21.63,29.1,Apr-2026,EUR
2026-01-23T19:10:00,pasta,Auchan,3.26,3.98,21.99,29.1,Apr-2026,EUR
2026-01-04T14:16:00,pasta,Auchan,3.26,4.0,22.6,29.1,Apr-2026,EUR
2026-01-14T13:50:00,pates,Auchan,3.2,3.91,22.12,29.1,Apr-2026,EUR
2026-01-12T16:04:00,pates,Auchan,3.2,3.94,23.06,29.1,Apr-2026,EUR
2026-01-10T20:09:00,pates,Auchan,3.2,3.9,21.81,29.1,Apr-2026,EUR
2026-01-05T10:53:00,pates,Auchan,3.2,3.95,23.37,29.1,Apr-2026,EUR
2026-01-05T08:29:00,petits-pois,Auchan,3.32,4.07,22.45,29.1,Apr-2026,EUR
2026-01-10T15:05:00,petits-pois,Auchan,3.32,4.11,23.65,29.1,Apr-2026,EUR
2026-01-25T16:28:00,petits-pois,Auchan,3.32,4.04,21.54,29.1,Apr-2026,EUR
2026-01-27T12:19:00,petits-pois,Auchan,3.32,4.06,22.14,29.1,Apr-2026,EUR
2026-01-15T10:43:00,pois-chiches,Auchan,2.65,3.24,22.12,29.1,Apr-2026,EUR
2026-01-15T11:34:00,pois-chiches,Auchan,2.65,3.28,23.62,29.1,Apr-2026,EUR
2026-01-04T09:36:00,pois-chiches,Auchan,2.65,3.26,22.87,29.1,Apr-2026,EUR
2026-01-23T10:46:00,poitrine,Auchan,2.93,3.58,22.15,29.1,Apr-2026,EUR
2026-01-20T18:49:00,poitrine,Auchan,2.93,3.57,21.81,29.1,Apr-2026,EUR
2026-01-28T17:36:00,poitrine,Auchan,2.93,3.58,22.15,29.1,Apr-2026,EUR
2026-01-18T17:16:00,poitrine,Auchan,2.93,3.57,21.81,29.1,Apr-2026,EUR
2026-01-13T09:19:00,pommedeterre,Auchan,3.43,4.2,22.54,29.1,Apr-2026,EUR
2026-01-08T11:45:00,pommedeterre,Auchan,3.43,4.17,21.66,29.1,Apr-2026,EUR
2026-01-07T20:49:00,pommedeterre,Auchan,3.43,4.21,22.83,29.1,Apr-2026,EUR
2026-01-12T19:27:00,porc,Auchan,3.13,3.82,21.94,29.1,Apr-2026,EUR
2026-01-08T19:08:00,porc,Auchan,3.13,3.81,21.62,29.1,Apr-2026,EUR
2026-01-06T08:15:00,porc,Auchan,3.13,3.82,21.94,29.1,Apr-2026,EUR
2026-01-24T16:25:00,poulet,Auchan,2.7,3.31,22.73,29.1,Apr-2026,EUR
2026-01-10T16:18:00,poulet,Auchan,2.7,3.28,21.62,29.1,Apr-2026,EUR
2026-01-08T20:34:00,poulet,Auchan,2.7,3.31,22.73,29.1,Apr-2026,EUR
2026-01-28T09:30:00,poulet,Auchan,2.7,3.31,22.73,29.1,Apr-2026,EUR
2026-01-02T08:37:00,sauce-tomate,Auchan,1.39,1.69,21.91,29.1,Apr-2026,EUR
2026-01-03T19:58:00,sauce-tomate,Auchan,1.39,1.69,21.91,29.1,Apr-2026,EUR
2026-01-07T15:21:00,sauce-tomate,Auchan,1.39,1.71,23.36,29.1,Apr-2026,EUR
2026-01-28T17:42:00,sauce-tomate,Auchan,1.39,1.71,23.36,29.1,Apr-2026,EUR
2026-01-02T18:31:00,saucisse,Auchan,5.01,6.11,21.9,29.1,Apr-2026,EUR
2026-01-27T09:23:00,saucisse,Auchan,5.01,6.18,23.3,29.1,Apr-2026,EUR
2026-01-10T15:56:00,saucisse,Auchan,5.01,6.13,22.3,29.1,Apr-2026,EUR
2026-01-17T10:12:00,saucisse,Auchan,5.01,6.18,23.3,29.1,Apr-2026,EUR
2026-01-13T17:44:00,sel-de-mer,Auchan,0.85,1.04,22.83,29.1,Apr-2026,EUR
2026-01-22T15:10:00,sel-de-mer,Auchan,0.85,1.04,22.83,29.1,Apr-2026,EUR
2026-01-03T19:09:00,sirop,Auchan,3.41,4.2,23.25,29.1,Apr-2026,EUR
2026-01-25T09:29:00,sirop,Auchan,3.41,4.19,22.95,29.1,Apr-2026,EUR
2026-01-05T10:25:00,sirop,Auchan,3.41,4.19,22.95,29.1,Apr-2026,EUR
2026-01-12T09:32:00,sirop,Auchan,3.41,4.15,21.78,29.1,Apr-2026,EUR
2026-01-03T20:17:00,the,Auchan,2.42,2.98,23.03,29.1,Apr-2026,EUR
2026-01-21T19:46:00,the,Auchan,2.42,2.94,21.38,29.1,Apr-2026,EUR
2026-01-17T11:47:00,thon,Auchan,2.84,3.47,22.38,29.1,Apr-2026,EUR
2026-01-20T08:44:00,thon,Auchan,2.84,3.45,21.67,29.1,Apr-2026,EUR
2026-01-18T09:38:00,tomacouli,Auchan,3.36,4.09,21.78,29.1,Apr-2026,EUR
2026-01-24T15:20:00,tomacouli,Auchan,3.36,4.08,21.48,29.1,Apr-2026,EUR
2026-01-07T14:14:00,tomacouli,Auchan,3.36,4.14,23.27,29.1,Apr-2026,EUR
2026-01-16T11:43:00,tomacouli,Auchan,3.36,4.13,22.97,29.1,Apr-2026,EUR
2026-01-26T19:05:00,tomates,Auchan,3.09,3.78,22.52,29.1,Apr-2026,EUR
2026-01-25T12:15:00,tomates,Auchan,3.09,3.76,21.87,29.1,Apr-2026,EUR
2026-01-13T13:24:00,tomates,Auchan,3.09,3.82,23.81,29.1,Apr-2026,EUR
2026-01-03T13:39:00,tomates,Auchan,3.09,3.8,23.17,29.1,Apr-2026,EUR
2026-01-06T13:40:00,viande-bovine,Auchan,9.03,11.0,21.86,29.1,Apr-2026,EUR
2026-01-26T20:42:00,viande-bovine,Auchan,9.03,11.16,23.63,29.1,Apr-2026,EUR
2026-01-05T17:58:00,viande-bovine,Auchan,9.03,11.07,22.64,29.1,Apr-2026,EUR
2026-01-14T13:27:00,vinaigre,Auchan,1.8,2.18,21.44,29.1,Apr-2026,EUR
2026-01-14T20:02:00,vinaigre,Auchan,1.8,2.2,22.55,29.1,Apr-2026,EUR
2026-01-18T10:58:00,yaourt,Auchan,2.82,3.47,23.21,29.1,Apr-2026,EUR
2026-01-18T12:32:00,yaourt,Auchan,2.82,3.42,21.43,29.1,Apr-2026,EUR
2026-01-07T13:01:00,yaourt,Auchan,2.82,3.43,21.79,29.1,Apr-2026,EUR
2026-01-20T13:11:00,yaourt,Auchan,2.82,3.47,23.21,29.1,Apr-2026,EUR
